id,brand,price,take_place,destination,hand_luggage,checked_baggage,price_raw,start_hour,end_hour,trip_mins,days_left,is_holiday,num_flights_same_route_day,price_lag1,price_lag3,price_roll3_mean,price_roll3_std
9G-1955,SUN PhuQuoc AIRWAYS,1715670,TP HCM (SGN),Phú Quốc (PQC),7,23,1.715.670 VND,Morning,Morning,60,3,0,4,1715670.0,1715670.0,1691188.0,0.0
9G-1955,SUN PhuQuoc AIRWAYS,1730520,TP HCM (SGN),Phú Quốc (PQC),7,7,1.730.520 VND,Morning,Morning,60,2,0,5,1715670.0,1730520.0,1481570.9,296443.3457253172
9G-1963,SUN PhuQuoc AIRWAYS,1214701,TP HCM (SGN),Phú Quốc (PQC),7,23,1.214.701 VND,Morning,Afternoon,60,3,0,4,1214701.0,1214701.0,1691188.0,0.0
9G-1963,SUN PhuQuoc AIRWAYS,3096167,TP HCM (SGN),Phú Quốc (PQC),7,46,3.096.167 VND,Morning,Afternoon,60,3,0,4,1214701.0,3096167.0,1691188.0,0.0
9G-1963,SUN PhuQuoc AIRWAYS,1192950,TP HCM (SGN),Phú Quốc (PQC),7,7,1.192.950 VND,Morning,Afternoon,60,2,0,5,3096167.0,1192950.0,1481570.9,296443.3457253172
9G-1963,SUN PhuQuoc AIRWAYS,1192950,TP HCM (SGN),Phú Quốc (PQC),7,7,1.192.950 VND,Morning,Afternoon,60,1,0,4,1192950.0,1214701.0,1395346.4333333333,257377.7468396662
9G-1965,SUN PhuQuoc AIRWAYS,1214701,TP HCM (SGN),Phú Quốc (PQC),7,23,1.214.701 VND,Afternoon,Afternoon,60,3,0,4,1214701.0,1214701.0,1691188.0,0.0
9G-1965,SUN PhuQuoc AIRWAYS,1192950,TP HCM (SGN),Phú Quốc (PQC),7,7,1.192.950 VND,Afternoon,Afternoon,60,2,0,5,1214701.0,1192950.0,1481570.9,296443.3457253172
9G-1965,SUN PhuQuoc AIRWAYS,1192950,TP HCM (SGN),Phú Quốc (PQC),7,7,1.192.950 VND,Afternoon,Afternoon,60,1,0,4,1192950.0,1192950.0,1395346.4333333333,257377.7468396662
9G-1969,SUN PhuQuoc AIRWAYS,1214701,TP HCM (SGN),Phú Quốc (PQC),7,23,1.214.701 VND,Afternoon,Afternoon,60,3,0,4,1214701.0,1214701.0,1691188.0,0.0
9G-1969,SUN PhuQuoc AIRWAYS,1324620,TP HCM (SGN),Phú Quốc (PQC),7,7,1.324.620 VND,Afternoon,Afternoon,60,2,0,5,1214701.0,1324620.0,1481570.9,296443.3457253172
9G-1969,SUN PhuQuoc AIRWAYS,1324620,TP HCM (SGN),Phú Quốc (PQC),7,7,1.324.620 VND,Afternoon,Afternoon,60,1,0,4,1324620.0,1324620.0,1395346.4333333333,257377.7468396662
9G-1985,SUN PhuQuoc AIRWAYS,918729,TP HCM (SGN),Phú Quốc (PQC),7,7,918.729 VND,Evening,Evening,60,2,0,5,918729.0,918729.0,1481570.9,296443.3457253172
9G-1985,SUN PhuQuoc AIRWAYS,1181070,TP HCM (SGN),Phú Quốc (PQC),7,7,1.181.070 VND,Evening,Evening,60,1,0,4,918729.0,1181070.0,1395346.4333333333,257377.7468396662
9G-802,SUN PhuQuoc AIRWAYS,2285372,TP HCM (SGN),Hà Nội (HAN),7,23,2.285.372 VND,Morning,Morning,130,3,0,10,2285372.0,2285372.0,2938734.588235294,0.0
9G-802,SUN PhuQuoc AIRWAYS,3796019,TP HCM (SGN),Hà Nội (HAN),7,46,3.796.019 VND,Morning,Morning,130,3,0,10,2285372.0,3796019.0,2938734.588235294,0.0
9G-802,SUN PhuQuoc AIRWAYS,2377649,TP HCM (SGN),Hà Nội (HAN),7,7,2.377.649 VND,Morning,Morning,130,2,0,10,3796019.0,2377649.0,2534110.594117647,572224.7401427478
9G-802,SUN PhuQuoc AIRWAYS,2452230,TP HCM (SGN),Hà Nội (HAN),7,7,2.452.230 VND,Morning,Morning,130,1,0,10,2377649.0,2285372.0,2357315.5960784312,507434.71561450773
9G-820,SUN PhuQuoc AIRWAYS,2480015,TP HCM (SGN),Hà Nội (HAN),7,23,2.480.015 VND,Morning,Afternoon,130,3,0,10,2480015.0,2480015.0,2938734.588235294,0.0
9G-820,SUN PhuQuoc AIRWAYS,2142151,TP HCM (SGN),Hà Nội (HAN),7,7,2.142.151 VND,Morning,Afternoon,130,2,0,10,2480015.0,2142151.0,2534110.594117647,572224.7401427478
9G-820,SUN PhuQuoc AIRWAYS,2023056,TP HCM (SGN),Hà Nội (HAN),7,7,2.023.056 VND,Morning,Afternoon,130,1,0,10,2142151.0,2023056.0,2357315.5960784312,507434.71561450773
9G-824,SUN PhuQuoc AIRWAYS,2239713,TP HCM (SGN),Hà Nội (HAN),7,23,2.239.713 VND,Morning,Afternoon,130,3,0,10,2239713.0,2239713.0,2938734.588235294,0.0
9G-824,SUN PhuQuoc AIRWAYS,3796019,TP HCM (SGN),Hà Nội (HAN),7,46,3.796.019 VND,Morning,Afternoon,130,3,0,10,2239713.0,3796019.0,2938734.588235294,0.0
9G-824,SUN PhuQuoc AIRWAYS,2377649,TP HCM (SGN),Hà Nội (HAN),7,7,2.377.649 VND,Morning,Afternoon,130,2,0,10,3796019.0,2377649.0,2534110.594117647,572224.7401427478
9G-824,SUN PhuQuoc AIRWAYS,2452230,TP HCM (SGN),Hà Nội (HAN),7,7,2.452.230 VND,Morning,Afternoon,130,1,0,10,2377649.0,2239713.0,2357315.5960784312,507434.71561450773
9G-840,SUN PhuQuoc AIRWAYS,2239713,TP HCM (SGN),Hà Nội (HAN),7,23,2.239.713 VND,Afternoon,Afternoon,130,3,0,10,2239713.0,2239713.0,2938734.588235294,0.0
9G-840,SUN PhuQuoc AIRWAYS,4734653,TP HCM (SGN),Hà Nội (HAN),7,46,4.734.653 VND,Afternoon,Afternoon,130,3,0,10,2239713.0,4734653.0,2938734.588235294,0.0
9G-840,SUN PhuQuoc AIRWAYS,2377649,TP HCM (SGN),Hà Nội (HAN),7,7,2.377.649 VND,Afternoon,Afternoon,130,2,0,10,4734653.0,2377649.0,2534110.594117647,572224.7401427478
9G-840,SUN PhuQuoc AIRWAYS,2285467,TP HCM (SGN),Hà Nội (HAN),7,7,2.285.467 VND,Afternoon,Afternoon,130,1,0,10,2377649.0,2239713.0,2357315.5960784312,507434.71561450773
9G-854,SUN PhuQuoc AIRWAYS,2480015,TP HCM (SGN),Hà Nội (HAN),7,23,2.480.015 VND,Afternoon,Evening,130,3,0,10,2480015.0,2480015.0,2938734.588235294,0.0
9G-854,SUN PhuQuoc AIRWAYS,3796019,TP HCM (SGN),Hà Nội (HAN),7,46,3.796.019 VND,Afternoon,Evening,130,3,0,10,2480015.0,3796019.0,2938734.588235294,0.0
9G-854,SUN PhuQuoc AIRWAYS,2142151,TP HCM (SGN),Hà Nội (HAN),7,7,2.142.151 VND,Afternoon,Evening,130,2,0,10,3796019.0,2142151.0,2534110.594117647,572224.7401427478
9G-854,SUN PhuQuoc AIRWAYS,2263989,TP HCM (SGN),Hà Nội (HAN),7,7,2.263.989 VND,Afternoon,Evening,130,1,0,10,2142151.0,2480015.0,2357315.5960784312,507434.71561450773
9G-868,SUN PhuQuoc AIRWAYS,2480015,TP HCM (SGN),Hà Nội (HAN),7,23,2.480.015 VND,Evening,Evening,130,3,0,10,2480015.0,2480015.0,2938734.588235294,0.0
9G-868,SUN PhuQuoc AIRWAYS,3796019,TP HCM (SGN),Hà Nội (HAN),7,46,3.796.019 VND,Evening,Evening,130,3,0,10,2480015.0,3796019.0,2938734.588235294,0.0
9G-868,SUN PhuQuoc AIRWAYS,2142151,TP HCM (SGN),Hà Nội (HAN),7,7,2.142.151 VND,Evening,Evening,130,2,0,10,3796019.0,2142151.0,2534110.594117647,572224.7401427478
9G-868,SUN PhuQuoc AIRWAYS,2213640,TP HCM (SGN),Hà Nội (HAN),7,7,2.213.640 VND,Evening,Evening,130,1,0,10,2142151.0,2480015.0,2357315.5960784312,507434.71561450773
9G-876,SUN PhuQuoc AIRWAYS,2001055,TP HCM (SGN),Hà Nội (HAN),7,23,2.001.055 VND,Evening,LateNight,130,3,0,10,2001055.0,2001055.0,2938734.588235294,0.0
9G-876,SUN PhuQuoc AIRWAYS,2015516,TP HCM (SGN),Hà Nội (HAN),7,7,2.015.516 VND,Evening,LateNight,130,2,0,10,2001055.0,2015516.0,2534110.594117647,572224.7401427478
9G-876,SUN PhuQuoc AIRWAYS,2038928,TP HCM (SGN),Hà Nội (HAN),7,7,2.038.928 VND,Evening,LateNight,130,1,0,10,2015516.0,2038928.0,2357315.5960784312,507434.71561450773
9G-880,SUN PhuQuoc AIRWAYS,2239713,TP HCM (SGN),Hà Nội (HAN),7,23,2.239.713 VND,LateNight,EarlyMorning,130,3,0,10,2239713.0,2239713.0,2938734.588235294,0.0
9G-880,SUN PhuQuoc AIRWAYS,1906650,TP HCM (SGN),Hà Nội (HAN),7,7,1.906.650 VND,LateNight,EarlyMorning,130,2,0,10,2239713.0,1906650.0,2534110.594117647,572224.7401427478
9G-880,SUN PhuQuoc AIRWAYS,1424610,TP HCM (SGN),Hà Nội (HAN),7,7,1.424.610 VND,LateNight,EarlyMorning,130,1,0,10,1906650.0,1424610.0,2357315.5960784312,507434.71561450773
9G-882,SUN PhuQuoc AIRWAYS,2001055,TP HCM (SGN),Hà Nội (HAN),7,23,2.001.055 VND,Evening,LateNight,130,3,0,10,2001055.0,2001055.0,2938734.588235294,0.0
9G-882,SUN PhuQuoc AIRWAYS,3796019,TP HCM (SGN),Hà Nội (HAN),7,46,3.796.019 VND,Evening,LateNight,130,3,0,10,2001055.0,3796019.0,2938734.588235294,0.0
9G-882,SUN PhuQuoc AIRWAYS,1906650,TP HCM (SGN),Hà Nội (HAN),7,7,1.906.650 VND,Evening,LateNight,130,2,0,10,3796019.0,1906650.0,2534110.594117647,572224.7401427478
9G-882,SUN PhuQuoc AIRWAYS,1441553,TP HCM (SGN),Hà Nội (HAN),7,7,1.441.553 VND,Evening,LateNight,130,1,0,10,1906650.0,2001055.0,2357315.5960784312,507434.71561450773
9G-894,SUN PhuQuoc AIRWAYS,2001055,TP HCM (SGN),Hà Nội (HAN),7,23,2.001.055 VND,LateNight,EarlyMorning,130,3,0,10,2001055.0,2001055.0,2938734.588235294,0.0
9G-894,SUN PhuQuoc AIRWAYS,3796019,TP HCM (SGN),Hà Nội (HAN),7,46,3.796.019 VND,LateNight,EarlyMorning,130,3,0,10,2001055.0,3796019.0,2938734.588235294,0.0
9G-894,SUN PhuQuoc AIRWAYS,1906650,TP HCM (SGN),Hà Nội (HAN),7,7,1.906.650 VND,LateNight,EarlyMorning,130,2,0,10,3796019.0,1906650.0,2534110.594117647,572224.7401427478
9G-894,SUN PhuQuoc AIRWAYS,1441553,TP HCM (SGN),Hà Nội (HAN),7,7,1.441.553 VND,LateNight,EarlyMorning,130,1,0,10,1906650.0,2001055.0,2357315.5960784312,507434.71561450773
9G-956,SUN PhuQuoc AIRWAYS,1600830,TP HCM (SGN),Đà Nẵng (DAD),7,23,1.600.830 VND,Morning,Morning,85,3,0,3,1600830.0,1600830.0,1481774.6666666667,0.0
9G-956,SUN PhuQuoc AIRWAYS,1589940,TP HCM (SGN),Đà Nẵng (DAD),7,7,1.589.940 VND,Morning,Morning,85,2,0,3,1600830.0,1589940.0,1481242.3333333335,752.8330197034148
9G-956,SUN PhuQuoc AIRWAYS,1610730,TP HCM (SGN),Đà Nẵng (DAD),7,7,1.610.730 VND,Morning,Morning,85,1,0,3,1589940.0,1610730.0,1490964.888888889,16848.37197981952
9G-972,SUN PhuQuoc AIRWAYS,1463444,TP HCM (SGN),Đà Nẵng (DAD),7,23,1.463.444 VND,Afternoon,Evening,85,3,0,3,1463444.0,1463444.0,1481774.6666666667,0.0
9G-972,SUN PhuQuoc AIRWAYS,1482030,TP HCM (SGN),Đà Nẵng (DAD),7,7,1.482.030 VND,Afternoon,Evening,85,2,0,3,1463444.0,1482030.0,1481242.3333333335,752.8330197034148
9G-972,SUN PhuQuoc AIRWAYS,1503810,TP HCM (SGN),Đà Nẵng (DAD),7,7,1.503.810 VND,Afternoon,Evening,85,1,0,3,1482030.0,1503810.0,1490964.888888889,16848.37197981952
9G-988,SUN PhuQuoc AIRWAYS,1381050,TP HCM (SGN),Đà Nẵng (DAD),7,23,1.381.050 VND,Evening,Evening,85,3,0,3,1381050.0,1381050.0,1481774.6666666667,0.0
9G-988,SUN PhuQuoc AIRWAYS,1370160,TP HCM (SGN),Đà Nẵng (DAD),7,7,1.370.160 VND,Evening,Evening,85,2,0,3,1381050.0,1370160.0,1481242.3333333335,752.8330197034148
9G-988,SUN PhuQuoc AIRWAYS,1416690,TP HCM (SGN),Đà Nẵng (DAD),7,7,1.416.690 VND,Evening,Evening,85,1,0,3,1370160.0,1416690.0,1490964.888888889,16848.37197981952
QH-154,Bamboo Airways,1421640,TP HCM (SGN),Đà Nẵng (DAD),7,0,1.421.640 VND,Afternoon,Afternoon,85,3,0,1,1421640.0,1421640.0,1421640.0,0.0
QH-154,Bamboo Airways,1421640,TP HCM (SGN),Đà Nẵng (DAD),7,7,1.421.640 VND,Afternoon,Afternoon,85,2,0,1,1421640.0,1421640.0,1421640.0,0.0
QH-154,Bamboo Airways,1421640,TP HCM (SGN),Đà Nẵng (DAD),7,7,1.421.640 VND,Afternoon,Afternoon,85,1,0,1,1421640.0,1421640.0,1421640.0,0.0
QH-204,Bamboo Airways,1742400,TP HCM (SGN),Hà Nội (HAN),7,0,1.742.400 VND,Morning,Morning,130,3,0,4,1742400.0,1742400.0,2726130.0,0.0
QH-204,Bamboo Airways,1934460,TP HCM (SGN),Hà Nội (HAN),7,7,1.934.460 VND,Morning,Morning,130,2,0,4,1742400.0,1934460.0,2306287.5,593746.9575606262
QH-204,Bamboo Airways,1934460,TP HCM (SGN),Hà Nội (HAN),7,7,1.934.460 VND,Morning,Morning,130,1,0,4,1934460.0,1934460.0,2186882.5,468017.50702430995
QH-242,Bamboo Airways,1934460,TP HCM (SGN),Hà Nội (HAN),7,0,1.934.460 VND,Afternoon,Afternoon,130,3,0,4,1934460.0,1934460.0,2726130.0,0.0
QH-242,Bamboo Airways,1934460,TP HCM (SGN),Hà Nội (HAN),7,7,1.934.460 VND,Afternoon,Afternoon,130,2,0,4,1934460.0,1934460.0,2306287.5,593746.9575606262
QH-242,Bamboo Airways,2352240,TP HCM (SGN),Hà Nội (HAN),7,7,2.352.240 VND,Afternoon,Afternoon,130,1,0,4,1934460.0,2352240.0,2186882.5,468017.50702430995
QH-280,Bamboo Airways,1742400,TP HCM (SGN),Hà Nội (HAN),7,0,1.742.400 VND,Evening,LateNight,130,3,0,4,1742400.0,1742400.0,2726130.0,0.0
QH-280,Bamboo Airways,4597560,TP HCM (SGN),Hà Nội (HAN),14,40,4.597.560 VND,Evening,LateNight,130,3,0,4,1742400.0,4597560.0,2726130.0,0.0
QH-280,Bamboo Airways,1934460,TP HCM (SGN),Hà Nội (HAN),7,7,1.934.460 VND,Evening,LateNight,130,2,0,4,4597560.0,1934460.0,2306287.5,593746.9575606262
QH-280,Bamboo Airways,1934460,TP HCM (SGN),Hà Nội (HAN),7,7,1.934.460 VND,Evening,LateNight,130,1,0,4,1934460.0,1742400.0,2186882.5,468017.50702430995
QH-282,Bamboo Airways,1742400,TP HCM (SGN),Hà Nội (HAN),7,0,1.742.400 VND,LateNight,EarlyMorning,130,3,0,4,1742400.0,1742400.0,2726130.0,0.0
QH-282,Bamboo Airways,4597560,TP HCM (SGN),Hà Nội (HAN),14,40,4.597.560 VND,LateNight,EarlyMorning,130,3,0,4,1742400.0,4597560.0,2726130.0,0.0
QH-282,Bamboo Airways,1742400,TP HCM (SGN),Hà Nội (HAN),7,7,1.742.400 VND,LateNight,EarlyMorning,130,2,0,4,4597560.0,1742400.0,2306287.5,593746.9575606262
QH-282,Bamboo Airways,1571130,TP HCM (SGN),Hà Nội (HAN),7,7,1.571.130 VND,LateNight,EarlyMorning,130,1,0,4,1742400.0,1742400.0,2186882.5,468017.50702430995
VJ-1128,VietJet Air,1756412,TP HCM (SGN),Hà Nội (HAN),7,20,1.756.412 VND,LateNight,EarlyMorning,130,3,0,24,1756412.0,1756412.0,2540511.4583333335,0.0
VJ-1128,VietJet Air,3239874,TP HCM (SGN),Hà Nội (HAN),10,30,3.239.874 VND,LateNight,EarlyMorning,130,3,0,24,1756412.0,3239874.0,2540511.4583333335,0.0
VJ-1128,VietJet Air,1642000,TP HCM (SGN),Hà Nội (HAN),7,7,1.642.000 VND,LateNight,EarlyMorning,130,2,0,25,3239874.0,1642000.0,2108519.2491666665,610929.2410430148
VJ-1128,VietJet Air,1706893,TP HCM (SGN),Hà Nội (HAN),7,7,1.706.893 VND,LateNight,EarlyMorning,130,1,0,24,1642000.0,1756412.0,1984932.0133333334,482118.951466823
VJ-120,VietJet Air,1756412,TP HCM (SGN),Hà Nội (HAN),7,20,1.756.412 VND,Morning,Morning,130,3,0,24,1756412.0,1756412.0,2540511.4583333335,0.0
VJ-120,VietJet Air,3239874,TP HCM (SGN),Hà Nội (HAN),10,30,3.239.874 VND,Morning,Morning,130,3,0,24,1756412.0,3239874.0,2540511.4583333335,0.0
VJ-120,VietJet Air,1529000,TP HCM (SGN),Hà Nội (HAN),7,7,1.529.000 VND,Morning,Morning,130,2,0,25,3239874.0,1529000.0,2108519.2491666665,610929.2410430148
VJ-120,VietJet Air,1564893,TP HCM (SGN),Hà Nội (HAN),7,7,1.564.893 VND,Morning,Morning,130,1,0,24,1529000.0,1756412.0,1984932.0133333334,482118.951466823
VJ-122,VietJet Air,1756412,TP HCM (SGN),Hà Nội (HAN),7,20,1.756.412 VND,Morning,Morning,130,3,0,24,1756412.0,1756412.0,2540511.4583333335,0.0
VJ-122,VietJet Air,3239874,TP HCM (SGN),Hà Nội (HAN),10,30,3.239.874 VND,Morning,Morning,130,3,0,24,1756412.0,3239874.0,2540511.4583333335,0.0
VJ-122,VietJet Air,1529000,TP HCM (SGN),Hà Nội (HAN),7,7,1.529.000 VND,Morning,Morning,130,2,0,25,3239874.0,1529000.0,2108519.2491666665,610929.2410430148
VJ-124,VietJet Air,3239874,TP HCM (SGN),Hà Nội (HAN),10,30,3.239.874 VND,Morning,Morning,130,3,0,24,3239874.0,3239874.0,2540511.4583333335,0.0
VJ-124,VietJet Air,1529000,TP HCM (SGN),Hà Nội (HAN),7,7,1.529.000 VND,Morning,Morning,130,2,0,25,3239874.0,1529000.0,2108519.2491666665,610929.2410430148
VJ-124,VietJet Air,1611720,TP HCM (SGN),Hà Nội (HAN),7,7,1.611.720 VND,Morning,Morning,130,1,0,24,1529000.0,1611720.0,1984932.0133333334,482118.951466823
VJ-126,VietJet Air,1904665,TP HCM (SGN),Hà Nội (HAN),7,20,1.904.665 VND,Morning,Morning,130,3,0,24,1904665.0,1904665.0,2540511.4583333335,0.0
VJ-126,VietJet Air,3239874,TP HCM (SGN),Hà Nội (HAN),10,30,3.239.874 VND,Morning,Morning,130,3,0,24,1904665.0,3239874.0,2540511.4583333335,0.0
VJ-126,VietJet Air,1642000,TP HCM (SGN),Hà Nội (HAN),7,7,1.642.000 VND,Morning,Morning,130,2,0,25,3239874.0,1642000.0,2108519.2491666665,610929.2410430148
VJ-126,VietJet Air,1678177,TP HCM (SGN),Hà Nội (HAN),7,7,1.678.177 VND,Morning,Morning,130,1,0,24,1642000.0,1904665.0,1984932.0133333334,482118.951466823
VJ-128,VietJet Air,1904140,TP HCM (SGN),Hà Nội (HAN),7,20,1.904.140 VND,Morning,Afternoon,130,3,0,24,1904140.0,1904140.0,2540511.4583333335,0.0
VJ-128,VietJet Air,3239874,TP HCM (SGN),Hà Nội (HAN),10,30,3.239.874 VND,Morning,Afternoon,130,3,0,24,1904140.0,3239874.0,2540511.4583333335,0.0
VJ-128,VietJet Air,1644835,TP HCM (SGN),Hà Nội (HAN),7,7,1.644.835 VND,Morning,Afternoon,130,2,0,25,3239874.0,1644835.0,2108519.2491666665,610929.2410430148
VJ-128,VietJet Air,1836510,TP HCM (SGN),Hà Nội (HAN),7,7,1.836.510 VND,Morning,Afternoon,130,1,0,24,1644835.0,1904140.0,1984932.0133333334,482118.951466823
VJ-130,VietJet Air,1904665,TP HCM (SGN),Hà Nội (HAN),7,20,1.904.665 VND,Morning,Afternoon,130,3,0,24,1904665.0,1904665.0,2540511.4583333335,0.0
VJ-130,VietJet Air,3239874,TP HCM (SGN),Hà Nội (HAN),10,30,3.239.874 VND,Morning,Afternoon,130,3,0,24,1904665.0,3239874.0,2540511.4583333335,0.0
VJ-130,VietJet Air,2280705,TP HCM (SGN),Hà Nội (HAN),7,7,2.280.705 VND,Morning,Afternoon,130,2,0,25,3239874.0,2280705.0,2108519.2491666665,610929.2410430148
VJ-130,VietJet Air,1818595,TP HCM (SGN),Hà Nội (HAN),7,7,1.818.595 VND,Morning,Afternoon,130,1,0,24,2280705.0,1904665.0,1984932.0133333334,482118.951466823
VJ-134,VietJet Air,1904665,TP HCM (SGN),Hà Nội (HAN),7,20,1.904.665 VND,Afternoon,Afternoon,130,3,0,24,1904665.0,1904665.0,2540511.4583333335,0.0
VJ-134,VietJet Air,3239874,TP HCM (SGN),Hà Nội (HAN),10,30,3.239.874 VND,Afternoon,Afternoon,130,3,0,24,1904665.0,3239874.0,2540511.4583333335,0.0
VJ-134,VietJet Air,1718296,TP HCM (SGN),Hà Nội (HAN),7,7,1.718.296 VND,Afternoon,Afternoon,130,2,0,25,3239874.0,1718296.0,2108519.2491666665,610929.2410430148
VJ-134,VietJet Air,1836510,TP HCM (SGN),Hà Nội (HAN),7,7,1.836.510 VND,Afternoon,Afternoon,130,1,0,24,1718296.0,1904665.0,1984932.0133333334,482118.951466823
VJ-136,VietJet Air,2027905,TP HCM (SGN),Hà Nội (HAN),7,20,2.027.905 VND,Afternoon,Afternoon,130,3,0,24,2027905.0,2027905.0,2540511.4583333335,0.0
VJ-136,VietJet Air,3239874,TP HCM (SGN),Hà Nội (HAN),10,30,3.239.874 VND,Afternoon,Afternoon,130,3,0,24,2027905.0,3239874.0,2540511.4583333335,0.0
VJ-136,VietJet Air,1644835,TP HCM (SGN),Hà Nội (HAN),7,7,1.644.835 VND,Afternoon,Afternoon,130,2,0,25,3239874.0,1644835.0,2108519.2491666665,610929.2410430148
VJ-136,VietJet Air,1836510,TP HCM (SGN),Hà Nội (HAN),7,7,1.836.510 VND,Afternoon,Afternoon,130,1,0,24,1644835.0,2027905.0,1984932.0133333334,482118.951466823
VJ-138,VietJet Air,2203546,TP HCM (SGN),Hà Nội (HAN),7,20,2.203.546 VND,Afternoon,Afternoon,130,3,0,24,2203546.0,2203546.0,2540511.4583333335,0.0
VJ-138,VietJet Air,3239874,TP HCM (SGN),Hà Nội (HAN),10,30,3.239.874 VND,Afternoon,Afternoon,130,3,0,24,2203546.0,3239874.0,2540511.4583333335,0.0
VJ-138,VietJet Air,1644835,TP HCM (SGN),Hà Nội (HAN),7,7,1.644.835 VND,Afternoon,Afternoon,130,2,0,25,3239874.0,1644835.0,2108519.2491666665,610929.2410430148
VJ-138,VietJet Air,1836510,TP HCM (SGN),Hà Nội (HAN),7,7,1.836.510 VND,Afternoon,Afternoon,130,1,0,24,1644835.0,2203546.0,1984932.0133333334,482118.951466823
VJ-140,VietJet Air,2029484,TP HCM (SGN),Hà Nội (HAN),7,20,2.029.484 VND,Afternoon,Evening,130,3,0,24,2029484.0,2029484.0,2540511.4583333335,0.0
VJ-140,VietJet Air,3239874,TP HCM (SGN),Hà Nội (HAN),10,30,3.239.874 VND,Afternoon,Evening,130,3,0,24,2029484.0,3239874.0,2540511.4583333335,0.0
VJ-140,VietJet Air,1642000,TP HCM (SGN),Hà Nội (HAN),7,7,1.642.000 VND,Afternoon,Evening,130,2,0,25,3239874.0,1642000.0,2108519.2491666665,610929.2410430148
VJ-140,VietJet Air,1836510,TP HCM (SGN),Hà Nội (HAN),7,7,1.836.510 VND,Afternoon,Evening,130,1,0,24,1642000.0,2029484.0,1984932.0133333334,482118.951466823
VJ-144,VietJet Air,1762731,TP HCM (SGN),Hà Nội (HAN),7,20,1.762.731 VND,Afternoon,Evening,130,3,0,24,1762731.0,1762731.0,2540511.4583333335,0.0
VJ-144,VietJet Air,3239874,TP HCM (SGN),Hà Nội (HAN),10,30,3.239.874 VND,Afternoon,Evening,130,3,0,24,1762731.0,3239874.0,2540511.4583333335,0.0
VJ-144,VietJet Air,1781000,TP HCM (SGN),Hà Nội (HAN),7,7,1.781.000 VND,Afternoon,Evening,130,2,0,25,3239874.0,1781000.0,2108519.2491666665,610929.2410430148
VJ-144,VietJet Air,1836510,TP HCM (SGN),Hà Nội (HAN),7,7,1.836.510 VND,Afternoon,Evening,130,1,0,24,1781000.0,1762731.0,1984932.0133333334,482118.951466823
VJ-146,VietJet Air,1756412,TP HCM (SGN),Hà Nội (HAN),7,20,1.756.412 VND,Evening,Evening,130,3,0,24,1756412.0,1756412.0,2540511.4583333335,0.0
VJ-146,VietJet Air,3239874,TP HCM (SGN),Hà Nội (HAN),10,30,3.239.874 VND,Evening,Evening,130,3,0,24,1756412.0,3239874.0,2540511.4583333335,0.0
VJ-146,VietJet Air,1642000,TP HCM (SGN),Hà Nội (HAN),7,7,1.642.000 VND,Evening,Evening,130,2,0,25,3239874.0,1642000.0,2108519.2491666665,610929.2410430148
VJ-146,VietJet Air,1706893,TP HCM (SGN),Hà Nội (HAN),7,7,1.706.893 VND,Evening,Evening,130,1,0,24,1642000.0,1756412.0,1984932.0133333334,482118.951466823
VJ-148,VietJet Air,1756412,TP HCM (SGN),Hà Nội (HAN),7,20,1.756.412 VND,Evening,Evening,130,3,0,24,1756412.0,1756412.0,2540511.4583333335,0.0
VJ-148,VietJet Air,3239874,TP HCM (SGN),Hà Nội (HAN),10,30,3.239.874 VND,Evening,Evening,130,3,0,24,1756412.0,3239874.0,2540511.4583333335,0.0
VJ-148,VietJet Air,1644835,TP HCM (SGN),Hà Nội (HAN),7,7,1.644.835 VND,Evening,Evening,130,2,0,25,3239874.0,1644835.0,2108519.2491666665,610929.2410430148
VJ-148,VietJet Air,1706893,TP HCM (SGN),Hà Nội (HAN),7,7,1.706.893 VND,Evening,Evening,130,1,0,24,1644835.0,1756412.0,1984932.0133333334,482118.951466823
VJ-150,VietJet Air,1756412,TP HCM (SGN),Hà Nội (HAN),7,20,1.756.412 VND,Evening,LateNight,130,3,0,24,1756412.0,1756412.0,2540511.4583333335,0.0
VJ-150,VietJet Air,3239874,TP HCM (SGN),Hà Nội (HAN),10,30,3.239.874 VND,Evening,LateNight,130,3,0,24,1756412.0,3239874.0,2540511.4583333335,0.0
VJ-150,VietJet Air,1642000,TP HCM (SGN),Hà Nội (HAN),7,7,1.642.000 VND,Evening,LateNight,130,2,0,25,3239874.0,1642000.0,2108519.2491666665,610929.2410430148
VJ-150,VietJet Air,1706893,TP HCM (SGN),Hà Nội (HAN),7,7,1.706.893 VND,Evening,LateNight,130,1,0,24,1642000.0,1756412.0,1984932.0133333334,482118.951466823
VJ-152,VietJet Air,1642000,TP HCM (SGN),Hà Nội (HAN),7,7,1.642.000 VND,Evening,Evening,130,2,0,25,1642000.0,1642000.0,2108519.2491666665,610929.2410430148
VJ-152,VietJet Air,1706893,TP HCM (SGN),Hà Nội (HAN),7,7,1.706.893 VND,Evening,Evening,130,1,0,24,1642000.0,1706893.0,1984932.0133333334,482118.951466823
VJ-154,VietJet Air,1756412,TP HCM (SGN),Hà Nội (HAN),7,20,1.756.412 VND,Evening,Evening,130,3,0,24,1756412.0,1756412.0,2540511.4583333335,0.0
VJ-154,VietJet Air,3239874,TP HCM (SGN),Hà Nội (HAN),10,30,3.239.874 VND,Evening,Evening,130,3,0,24,1756412.0,3239874.0,2540511.4583333335,0.0
VJ-154,VietJet Air,1642000,TP HCM (SGN),Hà Nội (HAN),7,7,1.642.000 VND,Evening,Evening,130,2,0,25,3239874.0,1642000.0,2108519.2491666665,610929.2410430148
VJ-154,VietJet Air,1706893,TP HCM (SGN),Hà Nội (HAN),7,7,1.706.893 VND,Evening,Evening,130,1,0,24,1642000.0,1756412.0,1984932.0133333334,482118.951466823
VJ-156,VietJet Air,1756412,TP HCM (SGN),Hà Nội (HAN),7,20,1.756.412 VND,Morning,Morning,130,3,0,24,1756412.0,1756412.0,2540511.4583333335,0.0
VJ-156,VietJet Air,3239874,TP HCM (SGN),Hà Nội (HAN),10,30,3.239.874 VND,Morning,Morning,130,3,0,24,1756412.0,3239874.0,2540511.4583333335,0.0
VJ-156,VietJet Air,1529000,TP HCM (SGN),Hà Nội (HAN),7,7,1.529.000 VND,Morning,Morning,130,2,0,25,3239874.0,1529000.0,2108519.2491666665,610929.2410430148
VJ-156,VietJet Air,1564893,TP HCM (SGN),Hà Nội (HAN),7,7,1.564.893 VND,Morning,Morning,130,1,0,24,1529000.0,1756412.0,1984932.0133333334,482118.951466823
VJ-158,VietJet Air,1756412,TP HCM (SGN),Hà Nội (HAN),7,20,1.756.412 VND,Evening,LateNight,135,3,0,24,1756412.0,1756412.0,2540511.4583333335,0.0
VJ-158,VietJet Air,3239874,TP HCM (SGN),Hà Nội (HAN),10,30,3.239.874 VND,Evening,LateNight,135,3,0,24,1756412.0,3239874.0,2540511.4583333335,0.0
VJ-158,VietJet Air,1644835,TP HCM (SGN),Hà Nội (HAN),7,7,1.644.835 VND,Evening,LateNight,135,2,0,25,3239874.0,1644835.0,2108519.2491666665,610929.2410430148
VJ-158,VietJet Air,1706893,TP HCM (SGN),Hà Nội (HAN),7,7,1.706.893 VND,Evening,LateNight,135,1,0,24,1644835.0,1756412.0,1984932.0133333334,482118.951466823
VJ-160,VietJet Air,1756412,TP HCM (SGN),Hà Nội (HAN),7,20,1.756.412 VND,Evening,LateNight,130,3,0,24,1756412.0,1756412.0,2540511.4583333335,0.0
VJ-160,VietJet Air,3239874,TP HCM (SGN),Hà Nội (HAN),10,30,3.239.874 VND,Evening,LateNight,130,3,0,24,1756412.0,3239874.0,2540511.4583333335,0.0
VJ-160,VietJet Air,1642000,TP HCM (SGN),Hà Nội (HAN),7,7,1.642.000 VND,Evening,LateNight,130,2,0,25,3239874.0,1642000.0,2108519.2491666665,610929.2410430148
VJ-160,VietJet Air,1706893,TP HCM (SGN),Hà Nội (HAN),7,7,1.706.893 VND,Evening,LateNight,130,1,0,24,1642000.0,1756412.0,1984932.0133333334,482118.951466823
VJ-1602,VietJet Air,890845,TP HCM (SGN),Nha Trang (CXR),7,0,890.845 VND,Afternoon,Afternoon,60,3,0,2,890845.0,890845.0,890845.0,0.0
VJ-1602,VietJet Air,887321,TP HCM (SGN),Nha Trang (CXR),7,7,887.321 VND,Afternoon,Afternoon,60,2,0,2,890845.0,887321.0,945560.75,77379.75572541567
VJ-1602,VietJet Air,921285,TP HCM (SGN),Nha Trang (CXR),7,7,921.285 VND,Afternoon,Afternoon,60,1,0,2,887321.0,921285.0,975921.3333333334,75888.78941637778
VJ-162,VietJet Air,1756412,TP HCM (SGN),Hà Nội (HAN),7,20,1.756.412 VND,LateNight,EarlyMorning,130,3,0,24,1756412.0,1756412.0,2540511.4583333335,0.0
VJ-162,VietJet Air,3239874,TP HCM (SGN),Hà Nội (HAN),10,30,3.239.874 VND,LateNight,EarlyMorning,130,3,0,24,1756412.0,3239874.0,2540511.4583333335,0.0
VJ-162,VietJet Air,1642000,TP HCM (SGN),Hà Nội (HAN),7,7,1.642.000 VND,LateNight,EarlyMorning,130,2,0,25,3239874.0,1642000.0,2108519.2491666665,610929.2410430148
VJ-162,VietJet Air,1706893,TP HCM (SGN),Hà Nội (HAN),7,7,1.706.893 VND,LateNight,EarlyMorning,130,1,0,24,1642000.0,1756412.0,1984932.0133333334,482118.951466823
VJ-164,VietJet Air,1756412,TP HCM (SGN),Hà Nội (HAN),7,20,1.756.412 VND,LateNight,EarlyMorning,130,3,0,24,1756412.0,1756412.0,2540511.4583333335,0.0
VJ-164,VietJet Air,3239874,TP HCM (SGN),Hà Nội (HAN),10,30,3.239.874 VND,LateNight,EarlyMorning,130,3,0,24,1756412.0,3239874.0,2540511.4583333335,0.0
VJ-164,VietJet Air,1642000,TP HCM (SGN),Hà Nội (HAN),7,7,1.642.000 VND,LateNight,EarlyMorning,130,2,0,25,3239874.0,1642000.0,2108519.2491666665,610929.2410430148
VJ-164,VietJet Air,1706893,TP HCM (SGN),Hà Nội (HAN),7,7,1.706.893 VND,LateNight,EarlyMorning,130,1,0,24,1642000.0,1756412.0,1984932.0133333334,482118.951466823
VJ-168,VietJet Air,1904665,TP HCM (SGN),Hà Nội (HAN),7,20,1.904.665 VND,LateNight,EarlyMorning,130,3,0,24,1904665.0,1904665.0,2540511.4583333335,0.0
VJ-168,VietJet Air,3239874,TP HCM (SGN),Hà Nội (HAN),10,30,3.239.874 VND,LateNight,EarlyMorning,130,3,0,24,1904665.0,3239874.0,2540511.4583333335,0.0
VJ-168,VietJet Air,1950000,TP HCM (SGN),Hà Nội (HAN),7,7,1.950.000 VND,LateNight,EarlyMorning,130,2,0,25,3239874.0,1950000.0,2108519.2491666665,610929.2410430148
VJ-168,VietJet Air,1836510,TP HCM (SGN),Hà Nội (HAN),7,7,1.836.510 VND,LateNight,EarlyMorning,130,1,0,24,1950000.0,1904665.0,1984932.0133333334,482118.951466823
VJ-194,VietJet Air,1756412,TP HCM (SGN),Hà Nội (HAN),7,20,1.756.412 VND,Evening,Evening,130,3,0,24,1756412.0,1756412.0,2540511.4583333335,0.0
VJ-194,VietJet Air,1778268,TP HCM (SGN),Hà Nội (HAN),7,20,1.778.268 VND,Evening,Evening,130,3,0,24,1756412.0,1778268.0,2540511.4583333335,0.0
VJ-194,VietJet Air,3239874,TP HCM (SGN),Hà Nội (HAN),10,30,3.239.874 VND,Evening,Evening,130,3,0,24,1778268.0,3239874.0,2540511.4583333335,0.0
VJ-194,VietJet Air,1642000,TP HCM (SGN),Hà Nội (HAN),7,7,1.642.000 VND,Evening,Evening,130,2,0,25,3239874.0,1756412.0,2108519.2491666665,610929.2410430148
VJ-194,VietJet Air,1706893,TP HCM (SGN),Hà Nội (HAN),7,7,1.706.893 VND,Evening,Evening,130,1,0,24,1642000.0,1778268.0,1984932.0133333334,482118.951466823
VJ-198,VietJet Air,2029484,TP HCM (SGN),Hà Nội (HAN),7,20,2.029.484 VND,Afternoon,Afternoon,130,3,0,24,2029484.0,2029484.0,2540511.4583333335,0.0
VJ-198,VietJet Air,3239874,TP HCM (SGN),Hà Nội (HAN),10,30,3.239.874 VND,Afternoon,Afternoon,130,3,0,24,2029484.0,3239874.0,2540511.4583333335,0.0
VJ-198,VietJet Air,1781000,TP HCM (SGN),Hà Nội (HAN),7,7,1.781.000 VND,Afternoon,Afternoon,130,2,0,25,3239874.0,1781000.0,2108519.2491666665,610929.2410430148
VJ-198,VietJet Air,1836510,TP HCM (SGN),Hà Nội (HAN),7,7,1.836.510 VND,Afternoon,Afternoon,130,1,0,24,1781000.0,2029484.0,1984932.0133333334,482118.951466823
VJ-270,VietJet Air,2299661,TP HCM (SGN),Hải Phòng (HPH),7,20,2.299.661 VND,Morning,Morning,120,3,0,7,2299661.0,2299661.0,3465759.214285714,0.0
VJ-270,VietJet Air,4522914,TP HCM (SGN),Hải Phòng (HPH),10,30,4.522.914 VND,Morning,Morning,120,3,0,7,2299661.0,4522914.0,3465759.214285714,0.0
VJ-270,VietJet Air,2482656,TP HCM (SGN),Hải Phòng (HPH),7,7,2.482.656 VND,Morning,Morning,120,2,0,7,4522914.0,2482656.0,3002079.75,655741.786986748
VJ-270,VietJet Air,2536760,TP HCM (SGN),Hải Phòng (HPH),7,7,2.536.760 VND,Morning,Morning,120,1,0,7,2482656.0,2299661.0,2853145.452380953,530606.1822313456
VJ-272,VietJet Air,2490312,TP HCM (SGN),Hải Phòng (HPH),7,20,2.490.312 VND,Morning,Afternoon,120,3,0,7,2490312.0,2490312.0,3465759.214285714,0.0
VJ-272,VietJet Air,4522914,TP HCM (SGN),Hải Phòng (HPH),10,30,4.522.914 VND,Morning,Afternoon,120,3,0,7,2490312.0,4522914.0,3465759.214285714,0.0
VJ-272,VietJet Air,2677761,TP HCM (SGN),Hải Phòng (HPH),7,7,2.677.761 VND,Morning,Afternoon,120,2,0,7,4522914.0,2677761.0,3002079.75,655741.786986748
VJ-274,VietJet Air,2490312,TP HCM (SGN),Hải Phòng (HPH),7,20,2.490.312 VND,Afternoon,Afternoon,120,3,0,7,2490312.0,2490312.0,3465759.214285714,0.0
VJ-274,VietJet Air,4522914,TP HCM (SGN),Hải Phòng (HPH),10,30,4.522.914 VND,Afternoon,Afternoon,120,3,0,7,2490312.0,4522914.0,3465759.214285714,0.0
VJ-274,VietJet Air,2482656,TP HCM (SGN),Hải Phòng (HPH),7,7,2.482.656 VND,Afternoon,Afternoon,120,2,0,7,4522914.0,2482656.0,3002079.75,655741.786986748
VJ-274,VietJet Air,2558363,TP HCM (SGN),Hải Phòng (HPH),7,7,2.558.363 VND,Afternoon,Afternoon,120,1,0,7,2482656.0,2490312.0,2853145.452380953,530606.1822313456
VJ-278,VietJet Air,2490312,TP HCM (SGN),Hải Phòng (HPH),7,20,2.490.312 VND,Afternoon,Afternoon,120,3,0,7,2490312.0,2490312.0,3465759.214285714,0.0
VJ-278,VietJet Air,4522914,TP HCM (SGN),Hải Phòng (HPH),10,30,4.522.914 VND,Afternoon,Afternoon,120,3,0,7,2490312.0,4522914.0,3465759.214285714,0.0
VJ-278,VietJet Air,2677761,TP HCM (SGN),Hải Phòng (HPH),7,7,2.677.761 VND,Afternoon,Afternoon,120,2,0,7,4522914.0,2677761.0,3002079.75,655741.786986748
VJ-278,VietJet Air,2558363,TP HCM (SGN),Hải Phòng (HPH),7,7,2.558.363 VND,Afternoon,Afternoon,120,1,0,7,2677761.0,2490312.0,2853145.452380953,530606.1822313456
VJ-280,VietJet Air,2490312,TP HCM (SGN),Hải Phòng (HPH),7,20,2.490.312 VND,Afternoon,Evening,120,3,0,7,2490312.0,2490312.0,3465759.214285714,0.0
VJ-280,VietJet Air,4522914,TP HCM (SGN),Hải Phòng (HPH),10,30,4.522.914 VND,Afternoon,Evening,120,3,0,7,2490312.0,4522914.0,3465759.214285714,0.0
VJ-280,VietJet Air,2482656,TP HCM (SGN),Hải Phòng (HPH),7,7,2.482.656 VND,Afternoon,Evening,120,2,0,7,4522914.0,2482656.0,3002079.75,655741.786986748
VJ-280,VietJet Air,2558363,TP HCM (SGN),Hải Phòng (HPH),7,7,2.558.363 VND,Afternoon,Evening,120,1,0,7,2482656.0,2490312.0,2853145.452380953,530606.1822313456
VJ-282,VietJet Air,2299661,TP HCM (SGN),Hải Phòng (HPH),7,20,2.299.661 VND,Evening,Evening,120,3,0,7,2299661.0,2299661.0,3465759.214285714,0.0
VJ-282,VietJet Air,4522914,TP HCM (SGN),Hải Phòng (HPH),10,30,4.522.914 VND,Evening,Evening,120,3,0,7,2299661.0,4522914.0,3465759.214285714,0.0
VJ-282,VietJet Air,2482656,TP HCM (SGN),Hải Phòng (HPH),7,7,2.482.656 VND,Evening,Evening,120,2,0,7,4522914.0,2482656.0,3002079.75,655741.786986748
VJ-282,VietJet Air,2558363,TP HCM (SGN),Hải Phòng (HPH),7,7,2.558.363 VND,Evening,Evening,120,1,0,7,2482656.0,2299661.0,2853145.452380953,530606.1822313456
VJ-284,VietJet Air,2299661,TP HCM (SGN),Hải Phòng (HPH),7,20,2.299.661 VND,Evening,LateNight,120,3,0,7,2299661.0,2299661.0,3465759.214285714,0.0
VJ-284,VietJet Air,4522914,TP HCM (SGN),Hải Phòng (HPH),10,30,4.522.914 VND,Evening,LateNight,120,3,0,7,2299661.0,4522914.0,3465759.214285714,0.0
VJ-284,VietJet Air,2482656,TP HCM (SGN),Hải Phòng (HPH),7,7,2.482.656 VND,Evening,LateNight,120,2,0,7,4522914.0,2482656.0,3002079.75,655741.786986748
VJ-284,VietJet Air,2558363,TP HCM (SGN),Hải Phòng (HPH),7,7,2.558.363 VND,Evening,LateNight,120,1,0,7,2482656.0,2299661.0,2853145.452380953,530606.1822313456
VJ-286,VietJet Air,2558363,TP HCM (SGN),Hải Phòng (HPH),7,7,2.558.363 VND,Evening,LateNight,120,1,0,7,2558363.0,2558363.0,2853145.452380953,530606.1822313456
VJ-321,VietJet Air,1117309,TP HCM (SGN),Phú Quốc (PQC),7,0,1.117.309 VND,Morning,Morning,65,3,0,8,1117309.0,1117309.0,1498620.9375,0.0
VJ-321,VietJet Air,1759302,TP HCM (SGN),Phú Quốc (PQC),10,30,1.759.302 VND,Morning,Morning,65,3,0,8,1117309.0,1759302.0,1498620.9375,0.0
VJ-321,VietJet Air,1113232,TP HCM (SGN),Phú Quốc (PQC),7,7,1.113.232 VND,Morning,Morning,65,2,0,8,1759302.0,1113232.0,1306584.78125,271580.1366347488
VJ-321,VietJet Air,1152067,TP HCM (SGN),Phú Quốc (PQC),7,7,1.152.067 VND,Morning,Morning,65,1,0,7,1113232.0,1117309.0,1264098.8541666667,205652.73474394978
VJ-325,VietJet Air,890845,TP HCM (SGN),Phú Quốc (PQC),7,0,890.845 VND,Evening,Evening,65,3,0,8,890845.0,890845.0,1498620.9375,0.0
VJ-325,VietJet Air,1759302,TP HCM (SGN),Phú Quốc (PQC),10,30,1.759.302 VND,Evening,Evening,65,3,0,8,890845.0,1759302.0,1498620.9375,0.0
VJ-325,VietJet Air,887321,TP HCM (SGN),Phú Quốc (PQC),7,7,887.321 VND,Evening,Evening,65,2,0,8,1759302.0,887321.0,1306584.78125,271580.1366347488
VJ-325,VietJet Air,913381,TP HCM (SGN),Phú Quốc (PQC),7,7,913.381 VND,Evening,Evening,65,1,0,7,887321.0,890845.0,1264098.8541666667,205652.73474394978
VJ-327,VietJet Air,1117309,TP HCM (SGN),Phú Quốc (PQC),7,0,1.117.309 VND,Afternoon,Afternoon,60,3,0,8,1117309.0,1117309.0,1498620.9375,0.0
VJ-327,VietJet Air,1759302,TP HCM (SGN),Phú Quốc (PQC),10,30,1.759.302 VND,Afternoon,Afternoon,60,3,0,8,1117309.0,1759302.0,1498620.9375,0.0
VJ-327,VietJet Air,1113232,TP HCM (SGN),Phú Quốc (PQC),7,7,1.113.232 VND,Afternoon,Afternoon,60,2,0,8,1759302.0,1113232.0,1306584.78125,271580.1366347488
VJ-327,VietJet Air,1152067,TP HCM (SGN),Phú Quốc (PQC),7,7,1.152.067 VND,Afternoon,Afternoon,60,1,0,7,1113232.0,1117309.0,1264098.8541666667,205652.73474394978
VJ-329,VietJet Air,1117309,TP HCM (SGN),Phú Quốc (PQC),7,0,1.117.309 VND,Morning,Morning,65,3,0,8,1117309.0,1117309.0,1498620.9375,0.0
VJ-329,VietJet Air,1759302,TP HCM (SGN),Phú Quốc (PQC),10,30,1.759.302 VND,Morning,Morning,65,3,0,8,1117309.0,1759302.0,1498620.9375,0.0
VJ-329,VietJet Air,1113232,TP HCM (SGN),Phú Quốc (PQC),7,7,1.113.232 VND,Morning,Morning,65,2,0,8,1759302.0,1113232.0,1306584.78125,271580.1366347488
VJ-329,VietJet Air,1155756,TP HCM (SGN),Phú Quốc (PQC),7,7,1.155.756 VND,Morning,Morning,65,1,0,7,1113232.0,1117309.0,1264098.8541666667,205652.73474394978
VJ-331,VietJet Air,890845,TP HCM (SGN),Phú Quốc (PQC),7,0,890.845 VND,Evening,Evening,60,3,0,8,890845.0,890845.0,1498620.9375,0.0
VJ-331,VietJet Air,1759302,TP HCM (SGN),Phú Quốc (PQC),10,30,1.759.302 VND,Evening,Evening,60,3,0,8,890845.0,1759302.0,1498620.9375,0.0
VJ-331,VietJet Air,887321,TP HCM (SGN),Phú Quốc (PQC),7,7,887.321 VND,Evening,Evening,60,2,0,8,1759302.0,887321.0,1306584.78125,271580.1366347488
VJ-335,VietJet Air,1564000,TP HCM (SGN),Phú Quốc (PQC),7,20,1.564.000 VND,Afternoon,Afternoon,60,3,0,8,1564000.0,1564000.0,1498620.9375,0.0
VJ-335,VietJet Air,2730586,TP HCM (SGN),Phú Quốc (PQC),10,30,2.730.586 VND,Afternoon,Afternoon,60,3,0,8,1564000.0,2730586.0,1498620.9375,0.0
VJ-335,VietJet Air,1575587,TP HCM (SGN),Phú Quốc (PQC),7,7,1.575.587 VND,Afternoon,Afternoon,60,2,0,8,2730586.0,1575587.0,1306584.78125,271580.1366347488
VJ-335,VietJet Air,1576484,TP HCM (SGN),Phú Quốc (PQC),7,7,1.576.484 VND,Afternoon,Afternoon,60,1,0,7,1575587.0,1564000.0,1264098.8541666667,205652.73474394978
VJ-337,VietJet Air,1117309,TP HCM (SGN),Phú Quốc (PQC),7,0,1.117.309 VND,Morning,Afternoon,60,3,0,8,1117309.0,1117309.0,1498620.9375,0.0
VJ-337,VietJet Air,1759302,TP HCM (SGN),Phú Quốc (PQC),10,30,1.759.302 VND,Morning,Afternoon,60,3,0,8,1117309.0,1759302.0,1498620.9375,0.0
VJ-337,VietJet Air,1113232,TP HCM (SGN),Phú Quốc (PQC),7,7,1.113.232 VND,Morning,Afternoon,60,2,0,8,1759302.0,1113232.0,1306584.78125,271580.1366347488
VJ-337,VietJet Air,1152067,TP HCM (SGN),Phú Quốc (PQC),7,7,1.152.067 VND,Morning,Afternoon,60,1,0,7,1113232.0,1117309.0,1264098.8541666667,205652.73474394978
VJ-339,VietJet Air,1117309,TP HCM (SGN),Phú Quốc (PQC),7,0,1.117.309 VND,Morning,Morning,60,3,0,8,1117309.0,1117309.0,1498620.9375,0.0
VJ-339,VietJet Air,1759302,TP HCM (SGN),Phú Quốc (PQC),10,30,1.759.302 VND,Morning,Morning,60,3,0,8,1117309.0,1759302.0,1498620.9375,0.0
VJ-339,VietJet Air,1113232,TP HCM (SGN),Phú Quốc (PQC),7,7,1.113.232 VND,Morning,Morning,60,2,0,8,1759302.0,1113232.0,1306584.78125,271580.1366347488
VJ-339,VietJet Air,1152067,TP HCM (SGN),Phú Quốc (PQC),7,7,1.152.067 VND,Morning,Morning,60,1,0,7,1113232.0,1117309.0,1264098.8541666667,205652.73474394978
VJ-600,VietJet Air,890845,TP HCM (SGN),Nha Trang (CXR),7,0,890.845 VND,Afternoon,Afternoon,60,3,0,2,890845.0,890845.0,890845.0,0.0
VJ-600,VietJet Air,1113232,TP HCM (SGN),Nha Trang (CXR),7,7,1.113.232 VND,Afternoon,Afternoon,60,2,0,2,890845.0,1113232.0,945560.75,77379.75572541567
VJ-600,VietJet Air,1152000,TP HCM (SGN),Nha Trang (CXR),7,7,1.152.000 VND,Afternoon,Afternoon,60,1,0,2,1113232.0,1152000.0,975921.3333333334,75888.78941637778
VJ-620,VietJet Air,1202000,TP HCM (SGN),Đà Nẵng (DAD),7,0,1.202.000 VND,Morning,Morning,80,3,0,15,1202000.0,1202000.0,2084918.75,0.0
VJ-620,VietJet Air,2705274,TP HCM (SGN),Đà Nẵng (DAD),10,30,2.705.274 VND,Morning,Morning,80,3,0,15,1202000.0,2705274.0,2084918.75,0.0
VJ-620,VietJet Air,1224082,TP HCM (SGN),Đà Nẵng (DAD),7,7,1.224.082 VND,Morning,Morning,80,2,0,15,2705274.0,1224082.0,1804905.975,395997.86404272605
VJ-622,VietJet Air,1354570,TP HCM (SGN),Đà Nẵng (DAD),7,20,1.354.570 VND,Morning,Morning,80,3,0,15,1354570.0,1354570.0,2084918.75,0.0
VJ-622,VietJet Air,2705274,TP HCM (SGN),Đà Nẵng (DAD),10,30,2.705.274 VND,Morning,Morning,80,3,0,15,1354570.0,2705274.0,2084918.75,0.0
VJ-622,VietJet Air,1361788,TP HCM (SGN),Đà Nẵng (DAD),7,7,1.361.788 VND,Morning,Morning,80,2,0,15,2705274.0,1361788.0,1804905.975,395997.86404272605
VJ-622,VietJet Air,1393387,TP HCM (SGN),Đà Nẵng (DAD),7,7,1.393.387 VND,Morning,Morning,80,1,0,14,1361788.0,1354570.0,1715868.9833333334,319671.5686737732
VJ-628,VietJet Air,1497558,TP HCM (SGN),Đà Nẵng (DAD),7,20,1.497.558 VND,Morning,Morning,80,3,0,15,1497558.0,1497558.0,2084918.75,0.0
VJ-628,VietJet Air,2705274,TP HCM (SGN),Đà Nẵng (DAD),10,30,2.705.274 VND,Morning,Morning,80,3,0,15,1497558.0,2705274.0,2084918.75,0.0
VJ-628,VietJet Air,1530036,TP HCM (SGN),Đà Nẵng (DAD),7,7,1.530.036 VND,Morning,Morning,80,2,0,15,2705274.0,1530036.0,1804905.975,395997.86404272605
VJ-628,VietJet Air,1564893,TP HCM (SGN),Đà Nẵng (DAD),7,7,1.564.893 VND,Morning,Morning,80,1,0,14,1530036.0,1497558.0,1715868.9833333334,319671.5686737732
VJ-630,VietJet Air,1596833,TP HCM (SGN),Đà Nẵng (DAD),7,20,1.596.833 VND,Morning,Afternoon,80,3,0,15,1596833.0,1596833.0,2084918.75,0.0
VJ-630,VietJet Air,2705274,TP HCM (SGN),Đà Nẵng (DAD),10,30,2.705.274 VND,Morning,Afternoon,80,3,0,15,1596833.0,2705274.0,2084918.75,0.0
VJ-630,VietJet Air,1644835,TP HCM (SGN),Đà Nẵng (DAD),7,7,1.644.835 VND,Morning,Afternoon,80,2,0,15,2705274.0,1644835.0,1804905.975,395997.86404272605
VJ-630,VietJet Air,1678177,TP HCM (SGN),Đà Nẵng (DAD),7,7,1.678.177 VND,Morning,Afternoon,80,1,0,14,1644835.0,1596833.0,1715868.9833333334,319671.5686737732
VJ-632,VietJet Air,1596833,TP HCM (SGN),Đà Nẵng (DAD),7,20,1.596.833 VND,Morning,Morning,80,3,0,15,1596833.0,1596833.0,2084918.75,0.0
VJ-632,VietJet Air,2705274,TP HCM (SGN),Đà Nẵng (DAD),10,30,2.705.274 VND,Morning,Morning,80,3,0,15,1596833.0,2705274.0,2084918.75,0.0
VJ-632,VietJet Air,1644835,TP HCM (SGN),Đà Nẵng (DAD),7,7,1.644.835 VND,Morning,Morning,80,2,0,15,2705274.0,1644835.0,1804905.975,395997.86404272605
VJ-632,VietJet Air,1678177,TP HCM (SGN),Đà Nẵng (DAD),7,7,1.678.177 VND,Morning,Morning,80,1,0,14,1644835.0,1596833.0,1715868.9833333334,319671.5686737732
VJ-634,VietJet Air,2152723,TP HCM (SGN),Đà Nẵng (DAD),7,20,2.152.723 VND,Afternoon,Afternoon,80,3,0,15,2152723.0,2152723.0,2084918.75,0.0
VJ-634,VietJet Air,2268066,TP HCM (SGN),Đà Nẵng (DAD),7,7,2.268.066 VND,Afternoon,Afternoon,80,2,0,15,2152723.0,2268066.0,1804905.975,395997.86404272605
VJ-634,VietJet Air,2326000,TP HCM (SGN),Đà Nẵng (DAD),7,7,2.326.000 VND,Afternoon,Afternoon,80,1,0,14,2268066.0,2326000.0,1715868.9833333334,319671.5686737732
VJ-636,VietJet Air,1497558,TP HCM (SGN),Đà Nẵng (DAD),7,20,1.497.558 VND,Afternoon,Afternoon,80,3,0,15,1497558.0,1497558.0,2084918.75,0.0
VJ-636,VietJet Air,2705274,TP HCM (SGN),Đà Nẵng (DAD),10,30,2.705.274 VND,Afternoon,Afternoon,80,3,0,15,1497558.0,2705274.0,2084918.75,0.0
VJ-636,VietJet Air,1530036,TP HCM (SGN),Đà Nẵng (DAD),7,7,1.530.036 VND,Afternoon,Afternoon,80,2,0,15,2705274.0,1530036.0,1804905.975,395997.86404272605
VJ-636,VietJet Air,1576484,TP HCM (SGN),Đà Nẵng (DAD),7,7,1.576.484 VND,Afternoon,Afternoon,80,1,0,14,1530036.0,1497558.0,1715868.9833333334,319671.5686737732
VJ-638,VietJet Air,1497558,TP HCM (SGN),Đà Nẵng (DAD),7,20,1.497.558 VND,Afternoon,Afternoon,80,3,0,15,1497558.0,1497558.0,2084918.75,0.0
VJ-638,VietJet Air,2705274,TP HCM (SGN),Đà Nẵng (DAD),10,30,2.705.274 VND,Afternoon,Afternoon,80,3,0,15,1497558.0,2705274.0,2084918.75,0.0
VJ-638,VietJet Air,1530036,TP HCM (SGN),Đà Nẵng (DAD),7,7,1.530.036 VND,Afternoon,Afternoon,80,2,0,15,2705274.0,1530036.0,1804905.975,395997.86404272605
VJ-638,VietJet Air,1576484,TP HCM (SGN),Đà Nẵng (DAD),7,7,1.576.484 VND,Afternoon,Afternoon,80,1,0,14,1530036.0,1497558.0,1715868.9833333334,319671.5686737732
VJ-640,VietJet Air,1497558,TP HCM (SGN),Đà Nẵng (DAD),7,20,1.497.558 VND,Afternoon,Evening,80,3,0,15,1497558.0,1497558.0,2084918.75,0.0
VJ-640,VietJet Air,2705274,TP HCM (SGN),Đà Nẵng (DAD),10,30,2.705.274 VND,Afternoon,Evening,80,3,0,15,1497558.0,2705274.0,2084918.75,0.0
VJ-640,VietJet Air,1608763,TP HCM (SGN),Đà Nẵng (DAD),7,7,1.608.763 VND,Afternoon,Evening,80,2,0,15,2705274.0,1608763.0,1804905.975,395997.86404272605
VJ-640,VietJet Air,1576484,TP HCM (SGN),Đà Nẵng (DAD),7,7,1.576.484 VND,Afternoon,Evening,80,1,0,14,1608763.0,1497558.0,1715868.9833333334,319671.5686737732
VJ-642,VietJet Air,1497558,TP HCM (SGN),Đà Nẵng (DAD),7,20,1.497.558 VND,Evening,Evening,80,3,0,15,1497558.0,1497558.0,2084918.75,0.0
VJ-642,VietJet Air,2705274,TP HCM (SGN),Đà Nẵng (DAD),10,30,2.705.274 VND,Evening,Evening,80,3,0,15,1497558.0,2705274.0,2084918.75,0.0
VJ-642,VietJet Air,1530036,TP HCM (SGN),Đà Nẵng (DAD),7,7,1.530.036 VND,Evening,Evening,80,2,0,15,2705274.0,1530036.0,1804905.975,395997.86404272605
VJ-642,VietJet Air,1576484,TP HCM (SGN),Đà Nẵng (DAD),7,7,1.576.484 VND,Evening,Evening,80,1,0,14,1530036.0,1497558.0,1715868.9833333334,319671.5686737732
VJ-644,VietJet Air,1354570,TP HCM (SGN),Đà Nẵng (DAD),7,20,1.354.570 VND,Evening,Evening,80,3,0,15,1354570.0,1354570.0,2084918.75,0.0
VJ-644,VietJet Air,2705274,TP HCM (SGN),Đà Nẵng (DAD),10,30,2.705.274 VND,Evening,Evening,80,3,0,15,1354570.0,2705274.0,2084918.75,0.0
VJ-644,VietJet Air,1829145,TP HCM (SGN),Đà Nẵng (DAD),7,7,1.829.145 VND,Evening,Evening,80,2,0,15,2705274.0,1829145.0,1804905.975,395997.86404272605
VJ-644,VietJet Air,1258764,TP HCM (SGN),Đà Nẵng (DAD),7,7,1.258.764 VND,Evening,Evening,80,1,0,14,1829145.0,1354570.0,1715868.9833333334,319671.5686737732
VJ-646,VietJet Air,1202000,TP HCM (SGN),Đà Nẵng (DAD),7,0,1.202.000 VND,Evening,LateNight,80,3,0,15,1202000.0,1202000.0,2084918.75,0.0
VJ-646,VietJet Air,2705274,TP HCM (SGN),Đà Nẵng (DAD),10,30,2.705.274 VND,Evening,LateNight,80,3,0,15,1202000.0,2705274.0,2084918.75,0.0
VJ-646,VietJet Air,1361788,TP HCM (SGN),Đà Nẵng (DAD),7,7,1.361.788 VND,Evening,LateNight,80,2,0,15,2705274.0,1361788.0,1804905.975,395997.86404272605
VJ-646,VietJet Air,1403134,TP HCM (SGN),Đà Nẵng (DAD),7,7,1.403.134 VND,Evening,LateNight,80,1,0,14,1361788.0,1202000.0,1715868.9833333334,319671.5686737732
VJ-648,VietJet Air,1354570,TP HCM (SGN),Đà Nẵng (DAD),7,20,1.354.570 VND,Evening,Evening,80,3,0,15,1354570.0,1354570.0,2084918.75,0.0
VJ-648,VietJet Air,2705274,TP HCM (SGN),Đà Nẵng (DAD),10,30,2.705.274 VND,Evening,Evening,80,3,0,15,1354570.0,2705274.0,2084918.75,0.0
VJ-648,VietJet Air,1361788,TP HCM (SGN),Đà Nẵng (DAD),7,7,1.361.788 VND,Evening,Evening,80,2,0,15,2705274.0,1361788.0,1804905.975,395997.86404272605
VJ-648,VietJet Air,1403134,TP HCM (SGN),Đà Nẵng (DAD),7,7,1.403.134 VND,Evening,Evening,80,1,0,14,1361788.0,1354570.0,1715868.9833333334,319671.5686737732
VJ-650,VietJet Air,2705274,TP HCM (SGN),Đà Nẵng (DAD),10,30,2.705.274 VND,Evening,LateNight,80,3,0,15,2705274.0,2705274.0,2084918.75,0.0
VJ-650,VietJet Air,1224082,TP HCM (SGN),Đà Nẵng (DAD),7,7,1.224.082 VND,Evening,LateNight,80,2,0,15,2705274.0,1224082.0,1804905.975,395997.86404272605
VJ-650,VietJet Air,1258764,TP HCM (SGN),Đà Nẵng (DAD),7,7,1.258.764 VND,Evening,LateNight,80,1,0,14,1224082.0,1258764.0,1715868.9833333334,319671.5686737732
VJ-652,VietJet Air,1202000,TP HCM (SGN),Đà Nẵng (DAD),7,0,1.202.000 VND,Evening,LateNight,80,3,0,15,1202000.0,1202000.0,2084918.75,0.0
VJ-652,VietJet Air,2705274,TP HCM (SGN),Đà Nẵng (DAD),10,30,2.705.274 VND,Evening,LateNight,80,3,0,15,1202000.0,2705274.0,2084918.75,0.0
VJ-652,VietJet Air,1224082,TP HCM (SGN),Đà Nẵng (DAD),7,7,1.224.082 VND,Evening,LateNight,80,2,0,15,2705274.0,1224082.0,1804905.975,395997.86404272605
VJ-652,VietJet Air,1258764,TP HCM (SGN),Đà Nẵng (DAD),7,7,1.258.764 VND,Evening,LateNight,80,1,0,14,1224082.0,1202000.0,1715868.9833333334,319671.5686737732
VN-104,Vietnam Airlines,1939689,TP HCM (SGN),Đà Nẵng (DAD),10,23,1.939.689 VND,Morning,Morning,80,3,0,23,1939689.0,1939689.0,2742015.301587302,0.0
VN-104,Vietnam Airlines,2715000,TP HCM (SGN),Đà Nẵng (DAD),10,32,2.715.000 VND,Morning,Morning,80,3,0,23,1939689.0,2715000.0,2742015.301587302,0.0
VN-104,Vietnam Airlines,3916000,TP HCM (SGN),Đà Nẵng (DAD),18,32,3.916.000 VND,Morning,Morning,80,3,0,23,2715000.0,3916000.0,2742015.301587302,0.0
VN-104,Vietnam Airlines,1985000,TP HCM (SGN),Đà Nẵng (DAD),10,10,1.985.000 VND,Morning,Morning,80,2,0,24,3916000.0,1939689.0,2205656.734126984,758525.5603973856
VN-104,Vietnam Airlines,2499000,TP HCM (SGN),Đà Nẵng (DAD),10,10,2.499.000 VND,Morning,Morning,80,1,0,21,1985000.0,2715000.0,2088296.2195767194,573586.0737627724
VN-106,Vietnam Airlines,1705000,TP HCM (SGN),Đà Nẵng (DAD),10,23,1.705.000 VND,Morning,Morning,80,3,0,23,1705000.0,1705000.0,2742015.301587302,0.0
VN-106,Vietnam Airlines,2715000,TP HCM (SGN),Đà Nẵng (DAD),10,32,2.715.000 VND,Morning,Morning,80,3,0,23,1705000.0,2715000.0,2742015.301587302,0.0
VN-106,Vietnam Airlines,3916000,TP HCM (SGN),Đà Nẵng (DAD),18,32,3.916.000 VND,Morning,Morning,80,3,0,23,2715000.0,3916000.0,2742015.301587302,0.0
VN-106,Vietnam Airlines,1782804,TP HCM (SGN),Đà Nẵng (DAD),10,10,1.782.804 VND,Morning,Morning,80,2,0,24,3916000.0,1705000.0,2205656.734126984,758525.5603973856
VN-106,Vietnam Airlines,2499000,TP HCM (SGN),Đà Nẵng (DAD),10,10,2.499.000 VND,Morning,Morning,80,1,0,21,1782804.0,2715000.0,2088296.2195767194,573586.0737627724
VN-110,Vietnam Airlines,1939689,TP HCM (SGN),Đà Nẵng (DAD),10,23,1.939.689 VND,Morning,Morning,80,3,0,23,1939689.0,1939689.0,2742015.301587302,0.0
VN-110,Vietnam Airlines,2715000,TP HCM (SGN),Đà Nẵng (DAD),10,32,2.715.000 VND,Morning,Morning,80,3,0,23,1939689.0,2715000.0,2742015.301587302,0.0
VN-110,Vietnam Airlines,3916000,TP HCM (SGN),Đà Nẵng (DAD),18,32,3.916.000 VND,Morning,Morning,80,3,0,23,2715000.0,3916000.0,2742015.301587302,0.0
VN-110,Vietnam Airlines,2066641,TP HCM (SGN),Đà Nẵng (DAD),10,10,2.066.641 VND,Morning,Morning,80,2,0,24,3916000.0,1939689.0,2205656.734126984,758525.5603973856
VN-110,Vietnam Airlines,2499000,TP HCM (SGN),Đà Nẵng (DAD),10,10,2.499.000 VND,Morning,Morning,80,1,0,21,2066641.0,2715000.0,2088296.2195767194,573586.0737627724
VN-1176,Vietnam Airlines,3566804,TP HCM (SGN),Hải Phòng (HPH),10,23,3.566.804 VND,Morning,Morning,125,3,0,4,3566804.0,3566804.0,4030681.25,0.0
VN-1176,Vietnam Airlines,3957000,TP HCM (SGN),Hải Phòng (HPH),10,32,3.957.000 VND,Morning,Morning,125,3,0,4,3566804.0,3957000.0,4030681.25,0.0
VN-1176,Vietnam Airlines,4996000,TP HCM (SGN),Hải Phòng (HPH),18,32,4.996.000 VND,Morning,Morning,125,3,0,4,3957000.0,4996000.0,4030681.25,0.0
VN-1176,Vietnam Airlines,3697522,TP HCM (SGN),Hải Phòng (HPH),10,10,3.697.522 VND,Morning,Morning,125,2,0,4,4996000.0,3566804.0,3666034.25,515688.732878662
VN-1176,Vietnam Airlines,3741000,TP HCM (SGN),Hải Phòng (HPH),10,10,3.741.000 VND,Morning,Morning,125,1,0,4,3697522.0,3957000.0,3540999.1666666665,424109.3618414015
VN-1186,Vietnam Airlines,2890000,TP HCM (SGN),Hải Phòng (HPH),10,23,2.890.000 VND,Evening,Evening,125,3,0,4,2890000.0,2890000.0,4030681.25,0.0
VN-1186,Vietnam Airlines,3957000,TP HCM (SGN),Hải Phòng (HPH),10,32,3.957.000 VND,Evening,Evening,125,3,0,4,2890000.0,3957000.0,4030681.25,0.0
VN-1186,Vietnam Airlines,4996000,TP HCM (SGN),Hải Phòng (HPH),18,32,4.996.000 VND,Evening,Evening,125,3,0,4,3957000.0,4996000.0,4030681.25,0.0
VN-1186,Vietnam Airlines,3323636,TP HCM (SGN),Hải Phòng (HPH),10,10,3.323.636 VND,Evening,Evening,125,2,0,4,4996000.0,2890000.0,3666034.25,515688.732878662
VN-1186,Vietnam Airlines,3113716,TP HCM (SGN),Hải Phòng (HPH),10,10,3.113.716 VND,Evening,Evening,125,1,0,4,3323636.0,3957000.0,3540999.1666666665,424109.3618414015
VN-1188,Vietnam Airlines,2634353,TP HCM (SGN),Hải Phòng (HPH),10,23,2.634.353 VND,Evening,LateNight,120,3,0,4,2634353.0,2634353.0,4030681.25,0.0
VN-1188,Vietnam Airlines,3957000,TP HCM (SGN),Hải Phòng (HPH),10,32,3.957.000 VND,Evening,LateNight,120,3,0,4,2634353.0,3957000.0,4030681.25,0.0
VN-1188,Vietnam Airlines,4996000,TP HCM (SGN),Hải Phòng (HPH),18,32,4.996.000 VND,Evening,LateNight,120,3,0,4,3957000.0,4996000.0,4030681.25,0.0
VN-1188,Vietnam Airlines,2627207,TP HCM (SGN),Hải Phòng (HPH),10,10,2.627.207 VND,Evening,LateNight,120,2,0,4,4996000.0,2634353.0,3666034.25,515688.732878662
VN-1188,Vietnam Airlines,2706000,TP HCM (SGN),Hải Phòng (HPH),10,10,2.706.000 VND,Evening,LateNight,120,1,0,4,2627207.0,3957000.0,3540999.1666666665,424109.3618414015
VN-126,Vietnam Airlines,2351000,TP HCM (SGN),Đà Nẵng (DAD),10,23,2.351.000 VND,Afternoon,Afternoon,80,3,0,23,2351000.0,2351000.0,2742015.301587302,0.0
VN-126,Vietnam Airlines,3363000,TP HCM (SGN),Đà Nẵng (DAD),10,32,3.363.000 VND,Afternoon,Afternoon,80,3,0,23,2351000.0,3363000.0,2742015.301587302,0.0
VN-126,Vietnam Airlines,4294000,TP HCM (SGN),Đà Nẵng (DAD),18,32,4.294.000 VND,Afternoon,Afternoon,80,3,0,23,3363000.0,4294000.0,2742015.301587302,0.0
VN-126,Vietnam Airlines,2465000,TP HCM (SGN),Đà Nẵng (DAD),10,10,2.465.000 VND,Afternoon,Afternoon,80,2,0,24,4294000.0,2351000.0,2205656.734126984,758525.5603973856
VN-126,Vietnam Airlines,2435332,TP HCM (SGN),Đà Nẵng (DAD),10,10,2.435.332 VND,Afternoon,Afternoon,80,1,0,21,2465000.0,3363000.0,2088296.2195767194,573586.0737627724
VN-132,Vietnam Airlines,1939689,TP HCM (SGN),Đà Nẵng (DAD),10,23,1.939.689 VND,Afternoon,Afternoon,80,3,0,23,1939689.0,1939689.0,2742015.301587302,0.0
VN-132,Vietnam Airlines,2715000,TP HCM (SGN),Đà Nẵng (DAD),10,32,2.715.000 VND,Afternoon,Afternoon,80,3,0,23,1939689.0,2715000.0,2742015.301587302,0.0
VN-132,Vietnam Airlines,4294000,TP HCM (SGN),Đà Nẵng (DAD),18,32,4.294.000 VND,Afternoon,Afternoon,80,3,0,23,2715000.0,4294000.0,2742015.301587302,0.0
VN-132,Vietnam Airlines,1934465,TP HCM (SGN),Đà Nẵng (DAD),10,10,1.934.465 VND,Afternoon,Afternoon,80,2,0,24,4294000.0,1939689.0,2205656.734126984,758525.5603973856
VN-132,Vietnam Airlines,1953482,TP HCM (SGN),Đà Nẵng (DAD),10,10,1.953.482 VND,Afternoon,Afternoon,80,1,0,21,1934465.0,2715000.0,2088296.2195767194,573586.0737627724
VN-134,Vietnam Airlines,1787484,TP HCM (SGN),Đà Nẵng (DAD),10,23,1.787.484 VND,Afternoon,Evening,80,3,0,23,1787484.0,1787484.0,2742015.301587302,0.0
VN-134,Vietnam Airlines,3363000,TP HCM (SGN),Đà Nẵng (DAD),10,32,3.363.000 VND,Afternoon,Evening,80,3,0,23,1787484.0,3363000.0,2742015.301587302,0.0
VN-134,Vietnam Airlines,4294000,TP HCM (SGN),Đà Nẵng (DAD),18,32,4.294.000 VND,Afternoon,Evening,80,3,0,23,3363000.0,4294000.0,2742015.301587302,0.0
VN-134,Vietnam Airlines,1782804,TP HCM (SGN),Đà Nẵng (DAD),10,10,1.782.804 VND,Afternoon,Evening,80,2,0,24,4294000.0,1787484.0,2205656.734126984,758525.5603973856
VN-134,Vietnam Airlines,1812009,TP HCM (SGN),Đà Nẵng (DAD),10,10,1.812.009 VND,Afternoon,Evening,80,1,0,21,1782804.0,3363000.0,2088296.2195767194,573586.0737627724
VN-1340,Vietnam Airlines,1591385,TP HCM (SGN),Nha Trang (CXR),10,10,1.591.385 VND,Morning,Morning,60,2,0,6,1591385.0,1591385.0,1544833.0666666667,19971.901051449393
VN-1340,Vietnam Airlines,1592292,TP HCM (SGN),Nha Trang (CXR),10,10,1.592.292 VND,Morning,Morning,60,1,0,6,1591385.0,1592292.0,1555160.4888888889,22790.466539160396
VN-1342,Vietnam Airlines,1552000,TP HCM (SGN),Nha Trang (CXR),10,23,1.552.000 VND,Morning,Afternoon,65,3,0,5,1552000.0,1552000.0,1530710.8,0.0
VN-1342,Vietnam Airlines,1615345,TP HCM (SGN),Nha Trang (CXR),10,10,1.615.345 VND,Morning,Afternoon,65,2,0,6,1552000.0,1615345.0,1544833.0666666667,19971.901051449393
VN-1342,Vietnam Airlines,1635000,TP HCM (SGN),Nha Trang (CXR),10,10,1.635.000 VND,Morning,Afternoon,65,1,0,6,1615345.0,1635000.0,1555160.4888888889,22790.466539160396
VN-1344,Vietnam Airlines,1771684,TP HCM (SGN),Nha Trang (CXR),10,23,1.771.684 VND,Afternoon,Afternoon,60,3,0,5,1771684.0,1771684.0,1530710.8,0.0
VN-1344,Vietnam Airlines,1759371,TP HCM (SGN),Nha Trang (CXR),10,10,1.759.371 VND,Afternoon,Afternoon,60,2,0,6,1771684.0,1759371.0,1544833.0666666667,19971.901051449393
VN-1344,Vietnam Airlines,1785000,TP HCM (SGN),Nha Trang (CXR),10,10,1.785.000 VND,Afternoon,Afternoon,60,1,0,6,1759371.0,1785000.0,1555160.4888888889,22790.466539160396
VN-1350,Vietnam Airlines,1447000,TP HCM (SGN),Nha Trang (CXR),10,23,1.447.000 VND,Evening,Evening,65,3,0,5,1447000.0,1447000.0,1530710.8,0.0
VN-1350,Vietnam Airlines,1521874,TP HCM (SGN),Nha Trang (CXR),10,10,1.521.874 VND,Evening,Evening,65,2,0,6,1447000.0,1521874.0,1544833.0666666667,19971.901051449393
VN-1350,Vietnam Airlines,1547000,TP HCM (SGN),Nha Trang (CXR),10,10,1.547.000 VND,Evening,Evening,65,1,0,6,1521874.0,1547000.0,1555160.4888888889,22790.466539160396
VN-136,Vietnam Airlines,1787484,TP HCM (SGN),Đà Nẵng (DAD),10,23,1.787.484 VND,Evening,Evening,80,3,0,23,1787484.0,1787484.0,2742015.301587302,0.0
VN-136,Vietnam Airlines,2715000,TP HCM (SGN),Đà Nẵng (DAD),10,32,2.715.000 VND,Evening,Evening,80,3,0,23,1787484.0,2715000.0,2742015.301587302,0.0
VN-136,Vietnam Airlines,3916000,TP HCM (SGN),Đà Nẵng (DAD),18,32,3.916.000 VND,Evening,Evening,80,3,0,23,2715000.0,3916000.0,2742015.301587302,0.0
VN-136,Vietnam Airlines,1782804,TP HCM (SGN),Đà Nẵng (DAD),10,10,1.782.804 VND,Evening,Evening,80,2,0,24,3916000.0,1787484.0,2205656.734126984,758525.5603973856
VN-136,Vietnam Airlines,1812009,TP HCM (SGN),Đà Nẵng (DAD),10,10,1.812.009 VND,Evening,Evening,80,1,0,21,1782804.0,2715000.0,2088296.2195767194,573586.0737627724
VN-140,Vietnam Airlines,1655029,TP HCM (SGN),Đà Nẵng (DAD),10,23,1.655.029 VND,Evening,Evening,80,3,0,23,1655029.0,1655029.0,2742015.301587302,0.0
VN-140,Vietnam Airlines,2715000,TP HCM (SGN),Đà Nẵng (DAD),10,32,2.715.000 VND,Evening,Evening,80,3,0,23,1655029.0,2715000.0,2742015.301587302,0.0
VN-140,Vietnam Airlines,3916000,TP HCM (SGN),Đà Nẵng (DAD),18,32,3.916.000 VND,Evening,Evening,80,3,0,23,2715000.0,3916000.0,2742015.301587302,0.0
VN-140,Vietnam Airlines,1782804,TP HCM (SGN),Đà Nẵng (DAD),10,10,1.782.804 VND,Evening,Evening,80,2,0,24,3916000.0,1655029.0,2205656.734126984,758525.5603973856
VN-140,Vietnam Airlines,1812009,TP HCM (SGN),Đà Nẵng (DAD),10,10,1.812.009 VND,Evening,Evening,80,1,0,21,1782804.0,2715000.0,2088296.2195767194,573586.0737627724
VN-142,Vietnam Airlines,1655029,TP HCM (SGN),Đà Nẵng (DAD),10,23,1.655.029 VND,Evening,Evening,80,3,0,23,1655029.0,1655029.0,2742015.301587302,0.0
VN-142,Vietnam Airlines,2715000,TP HCM (SGN),Đà Nẵng (DAD),10,32,2.715.000 VND,Evening,Evening,80,3,0,23,1655029.0,2715000.0,2742015.301587302,0.0
VN-142,Vietnam Airlines,1642000,TP HCM (SGN),Đà Nẵng (DAD),10,10,1.642.000 VND,Evening,Evening,80,2,0,24,2715000.0,1642000.0,2205656.734126984,758525.5603973856
VN-142,Vietnam Airlines,1670800,TP HCM (SGN),Đà Nẵng (DAD),10,10,1.670.800 VND,Evening,Evening,80,1,0,21,1642000.0,1655029.0,2088296.2195767194,573586.0737627724
VN-146,Vietnam Airlines,1655029,TP HCM (SGN),Đà Nẵng (DAD),10,23,1.655.029 VND,Evening,Evening,85,3,0,23,1655029.0,1655029.0,2742015.301587302,0.0
VN-146,Vietnam Airlines,2715000,TP HCM (SGN),Đà Nẵng (DAD),10,32,2.715.000 VND,Evening,Evening,85,3,0,23,1655029.0,2715000.0,2742015.301587302,0.0
VN-146,Vietnam Airlines,3916000,TP HCM (SGN),Đà Nẵng (DAD),18,32,3.916.000 VND,Evening,Evening,85,3,0,23,2715000.0,3916000.0,2742015.301587302,0.0
VN-146,Vietnam Airlines,1642000,TP HCM (SGN),Đà Nẵng (DAD),10,10,1.642.000 VND,Evening,Evening,85,2,0,24,3916000.0,1655029.0,2205656.734126984,758525.5603973856
VN-146,Vietnam Airlines,1670800,TP HCM (SGN),Đà Nẵng (DAD),10,10,1.670.800 VND,Evening,Evening,85,1,0,21,1642000.0,2715000.0,2088296.2195767194,573586.0737627724
VN-148,Vietnam Airlines,1502561,TP HCM (SGN),Đà Nẵng (DAD),10,23,1.502.561 VND,Evening,LateNight,75,3,0,23,1502561.0,1502561.0,2742015.301587302,0.0
VN-148,Vietnam Airlines,2715000,TP HCM (SGN),Đà Nẵng (DAD),10,32,2.715.000 VND,Evening,LateNight,75,3,0,23,1502561.0,2715000.0,2742015.301587302,0.0
VN-148,Vietnam Airlines,3916000,TP HCM (SGN),Đà Nẵng (DAD),18,32,3.916.000 VND,Evening,LateNight,75,3,0,23,2715000.0,3916000.0,2742015.301587302,0.0
VN-148,Vietnam Airlines,1336000,TP HCM (SGN),Đà Nẵng (DAD),10,10,1.336.000 VND,Evening,LateNight,75,2,0,24,3916000.0,1502561.0,2205656.734126984,758525.5603973856
VN-148,Vietnam Airlines,1530000,TP HCM (SGN),Đà Nẵng (DAD),10,10,1.530.000 VND,Evening,LateNight,75,1,0,21,1336000.0,2715000.0,2088296.2195767194,573586.0737627724
VN-1829,Vietnam Airlines,1623693,TP HCM (SGN),Phú Quốc (PQC),10,23,1.623.693 VND,Afternoon,Evening,60,3,0,2,1623693.0,1623693.0,2419615.5,0.0
VN-1829,Vietnam Airlines,2121000,TP HCM (SGN),Phú Quốc (PQC),10,32,2.121.000 VND,Afternoon,Evening,60,3,0,2,1623693.0,2121000.0,2419615.5,0.0
VN-1829,Vietnam Airlines,3916000,TP HCM (SGN),Phú Quốc (PQC),18,32,3.916.000 VND,Afternoon,Evening,60,3,0,2,2121000.0,3916000.0,2419615.5,0.0
VN-1829,Vietnam Airlines,1619031,TP HCM (SGN),Phú Quốc (PQC),10,10,1.619.031 VND,Afternoon,Evening,60,2,0,2,3916000.0,1623693.0,1978972.75,623162.9532113771
VN-1829,Vietnam Airlines,1639000,TP HCM (SGN),Phú Quốc (PQC),10,10,1.639.000 VND,Afternoon,Evening,60,1,0,1,1619031.0,2121000.0,1865648.5,482382.8251935904
VN-1833,Vietnam Airlines,1198000,TP HCM (SGN),Phú Quốc (PQC),10,23,1.198.000 VND,Evening,Evening,60,3,0,2,1198000.0,1198000.0,2419615.5,0.0
VN-1833,Vietnam Airlines,2121000,TP HCM (SGN),Phú Quốc (PQC),10,32,2.121.000 VND,Evening,Evening,60,3,0,2,1198000.0,2121000.0,2419615.5,0.0
VN-1833,Vietnam Airlines,3538000,TP HCM (SGN),Phú Quốc (PQC),18,32,3.538.000 VND,Evening,Evening,60,3,0,2,2121000.0,3538000.0,2419615.5,0.0
VN-1833,Vietnam Airlines,1457629,TP HCM (SGN),Phú Quốc (PQC),10,10,1.457.629 VND,Evening,Evening,60,2,0,2,3538000.0,1198000.0,1978972.75,623162.9532113771
VN-224,Vietnam Airlines,2223000,TP HCM (SGN),Hà Nội (HAN),10,23,2.223.000 VND,LateNight,EarlyMorning,130,3,0,6,2223000.0,2223000.0,3612315.1764705884,0.0
VN-224,Vietnam Airlines,4013000,TP HCM (SGN),Hà Nội (HAN),10,32,4.013.000 VND,LateNight,EarlyMorning,130,3,0,6,2223000.0,4013000.0,3612315.1764705884,0.0
VN-224,Vietnam Airlines,4769000,TP HCM (SGN),Hà Nội (HAN),18,32,4.769.000 VND,LateNight,EarlyMorning,130,3,0,6,4013000.0,4769000.0,3612315.1764705884,0.0
VN-224,Vietnam Airlines,2358642,TP HCM (SGN),Hà Nội (HAN),10,10,2.358.642 VND,LateNight,EarlyMorning,130,2,0,6,4769000.0,2223000.0,2931633.5882352944,962629.1337400118
VN-224,Vietnam Airlines,2417000,TP HCM (SGN),Hà Nội (HAN),10,10,2.417.000 VND,LateNight,EarlyMorning,130,1,0,6,2358642.0,4013000.0,2733792.1699346406,762070.2755967886
VN-238,Vietnam Airlines,2223000,TP HCM (SGN),Hà Nội (HAN),10,23,2.223.000 VND,Evening,LateNight,130,3,0,6,2223000.0,2223000.0,3612315.1764705884,0.0
VN-238,Vietnam Airlines,4013000,TP HCM (SGN),Hà Nội (HAN),10,32,4.013.000 VND,Evening,LateNight,130,3,0,6,2223000.0,4013000.0,3612315.1764705884,0.0
VN-238,Vietnam Airlines,4769000,TP HCM (SGN),Hà Nội (HAN),18,32,4.769.000 VND,Evening,LateNight,130,3,0,6,4013000.0,4769000.0,3612315.1764705884,0.0
VN-238,Vietnam Airlines,2358642,TP HCM (SGN),Hà Nội (HAN),10,10,2.358.642 VND,Evening,LateNight,130,2,0,6,4769000.0,2223000.0,2931633.5882352944,962629.1337400118
VN-238,Vietnam Airlines,2417000,TP HCM (SGN),Hà Nội (HAN),10,10,2.417.000 VND,Evening,LateNight,130,1,0,6,2358642.0,4013000.0,2733792.1699346406,762070.2755967886
VN-256,Vietnam Airlines,2223000,TP HCM (SGN),Hà Nội (HAN),10,23,2.223.000 VND,Evening,LateNight,130,3,0,6,2223000.0,2223000.0,3612315.1764705884,0.0
VN-256,Vietnam Airlines,4013000,TP HCM (SGN),Hà Nội (HAN),10,32,4.013.000 VND,Evening,LateNight,130,3,0,6,2223000.0,4013000.0,3612315.1764705884,0.0
VN-256,Vietnam Airlines,4769000,TP HCM (SGN),Hà Nội (HAN),18,32,4.769.000 VND,Evening,LateNight,130,3,0,6,4013000.0,4769000.0,3612315.1764705884,0.0
VN-256,Vietnam Airlines,2358642,TP HCM (SGN),Hà Nội (HAN),10,10,2.358.642 VND,Evening,LateNight,130,2,0,6,4769000.0,2223000.0,2931633.5882352944,962629.1337400118
VN-256,Vietnam Airlines,2417000,TP HCM (SGN),Hà Nội (HAN),10,10,2.417.000 VND,Evening,LateNight,130,1,0,6,2358642.0,4013000.0,2733792.1699346406,762070.2755967886
VN-260,Vietnam Airlines,2223000,TP HCM (SGN),Hà Nội (HAN),10,23,2.223.000 VND,Evening,LateNight,130,3,0,6,2223000.0,2223000.0,3612315.1764705884,0.0
VN-260,Vietnam Airlines,4013000,TP HCM (SGN),Hà Nội (HAN),10,32,4.013.000 VND,Evening,LateNight,130,3,0,6,2223000.0,4013000.0,3612315.1764705884,0.0
VN-260,Vietnam Airlines,4769000,TP HCM (SGN),Hà Nội (HAN),18,32,4.769.000 VND,Evening,LateNight,130,3,0,6,4013000.0,4769000.0,3612315.1764705884,0.0
VN-260,Vietnam Airlines,2358642,TP HCM (SGN),Hà Nội (HAN),10,10,2.358.642 VND,Evening,LateNight,130,2,0,6,4769000.0,2223000.0,2931633.5882352944,962629.1337400118
VN-260,Vietnam Airlines,2417000,TP HCM (SGN),Hà Nội (HAN),10,10,2.417.000 VND,Evening,LateNight,130,1,0,6,2358642.0,4013000.0,2733792.1699346406,762070.2755967886
VN-270,Vietnam Airlines,2034000,TP HCM (SGN),Hà Nội (HAN),10,23,2.034.000 VND,LateNight,EarlyMorning,130,3,0,6,2034000.0,2034000.0,3612315.1764705884,0.0
VN-270,Vietnam Airlines,4013000,TP HCM (SGN),Hà Nội (HAN),10,32,4.013.000 VND,LateNight,EarlyMorning,130,3,0,6,2034000.0,4013000.0,3612315.1764705884,0.0
VN-270,Vietnam Airlines,2152214,TP HCM (SGN),Hà Nội (HAN),10,10,2.152.214 VND,LateNight,EarlyMorning,130,2,0,6,4013000.0,2152214.0,2931633.5882352944,962629.1337400118
VN-270,Vietnam Airlines,2203000,TP HCM (SGN),Hà Nội (HAN),10,10,2.203.000 VND,LateNight,EarlyMorning,130,1,0,6,2152214.0,2034000.0,2733792.1699346406,762070.2755967886
VN-6002,Vietnam Airlines,2560358,TP HCM (SGN),Hà Nội (HAN),10,23,2.560.358 VND,Morning,Morning,130,3,0,6,2560358.0,2560358.0,3612315.1764705884,0.0
VN-6002,Vietnam Airlines,4013000,TP HCM (SGN),Hà Nội (HAN),10,32,4.013.000 VND,Morning,Morning,130,3,0,6,2560358.0,4013000.0,3612315.1764705884,0.0
VN-6002,Vietnam Airlines,4769000,TP HCM (SGN),Hà Nội (HAN),18,32,4.769.000 VND,Morning,Morning,130,3,0,6,4013000.0,4769000.0,3612315.1764705884,0.0
VN-6002,Vietnam Airlines,1918930,TP HCM (SGN),Hà Nội (HAN),10,10,1.918.930 VND,Morning,Morning,130,2,0,6,4769000.0,2560358.0,2931633.5882352944,962629.1337400118
VN-6002,Vietnam Airlines,2157656,TP HCM (SGN),Hà Nội (HAN),10,10,2.157.656 VND,Morning,Morning,130,1,0,6,1918930.0,4013000.0,2733792.1699346406,762070.2755967886
VN-6036,Vietnam Airlines,1787484,TP HCM (SGN),Đà Nẵng (DAD),10,23,1.787.484 VND,Afternoon,Afternoon,90,3,0,23,1787484.0,1787484.0,2742015.301587302,0.0
VN-6036,Vietnam Airlines,2715000,TP HCM (SGN),Đà Nẵng (DAD),10,32,2.715.000 VND,Afternoon,Afternoon,90,3,0,23,1787484.0,2715000.0,2742015.301587302,0.0
VN-6036,Vietnam Airlines,4294000,TP HCM (SGN),Đà Nẵng (DAD),18,32,4.294.000 VND,Afternoon,Afternoon,90,3,0,23,2715000.0,4294000.0,2742015.301587302,0.0
VN-6036,Vietnam Airlines,1782804,TP HCM (SGN),Đà Nẵng (DAD),10,10,1.782.804 VND,Afternoon,Afternoon,90,2,0,24,4294000.0,1787484.0,2205656.734126984,758525.5603973856
VN-6036,Vietnam Airlines,1821000,TP HCM (SGN),Đà Nẵng (DAD),10,10,1.821.000 VND,Afternoon,Afternoon,90,1,0,21,1782804.0,2715000.0,2088296.2195767194,573586.0737627724
VN-6440,Vietnam Airlines,3087018,TP HCM (SGN),Hải Phòng (HPH),10,23,3.087.018 VND,Afternoon,Afternoon,130,3,0,4,3087018.0,3087018.0,4030681.25,0.0
VN-6440,Vietnam Airlines,3957000,TP HCM (SGN),Hải Phòng (HPH),10,32,3.957.000 VND,Afternoon,Afternoon,130,3,0,4,3087018.0,3957000.0,4030681.25,0.0
VN-6440,Vietnam Airlines,5374000,TP HCM (SGN),Hải Phòng (HPH),18,32,5.374.000 VND,Afternoon,Afternoon,130,3,0,4,3957000.0,5374000.0,4030681.25,0.0
VN-6440,Vietnam Airlines,3557184,TP HCM (SGN),Hải Phòng (HPH),10,10,3.557.184 VND,Afternoon,Afternoon,130,2,0,4,5374000.0,3087018.0,3666034.25,515688.732878662
VN-6440,Vietnam Airlines,3603000,TP HCM (SGN),Hải Phòng (HPH),10,10,3.603.000 VND,Afternoon,Afternoon,130,1,0,4,3557184.0,3957000.0,3540999.1666666665,424109.3618414015
VN-7042,Vietnam Airlines,1431000,TP HCM (SGN),Đà Nẵng (DAD),10,23,1.431.000 VND,LateNight,EarlyMorning,80,3,0,23,1431000.0,1431000.0,2742015.301587302,0.0
VN-7042,Vietnam Airlines,2715000,TP HCM (SGN),Đà Nẵng (DAD),10,32,2.715.000 VND,LateNight,EarlyMorning,80,3,0,23,1431000.0,2715000.0,2742015.301587302,0.0
VN-7042,Vietnam Airlines,3916000,TP HCM (SGN),Đà Nẵng (DAD),18,32,3.916.000 VND,LateNight,EarlyMorning,80,3,0,23,2715000.0,3916000.0,2742015.301587302,0.0
VN-7042,Vietnam Airlines,1336000,TP HCM (SGN),Đà Nẵng (DAD),10,10,1.336.000 VND,LateNight,EarlyMorning,80,2,0,24,3916000.0,1431000.0,2205656.734126984,758525.5603973856
VN-7042,Vietnam Airlines,1359139,TP HCM (SGN),Đà Nẵng (DAD),10,10,1.359.139 VND,LateNight,EarlyMorning,80,1,0,21,1336000.0,2715000.0,2088296.2195767194,573586.0737627724
VN-7046,Vietnam Airlines,1652000,TP HCM (SGN),Đà Nẵng (DAD),10,23,1.652.000 VND,Evening,Evening,80,3,0,23,1652000.0,1652000.0,2742015.301587302,0.0
VN-7046,Vietnam Airlines,2715000,TP HCM (SGN),Đà Nẵng (DAD),10,32,2.715.000 VND,Evening,Evening,80,3,0,23,1652000.0,2715000.0,2742015.301587302,0.0
VN-7046,Vietnam Airlines,3916000,TP HCM (SGN),Đà Nẵng (DAD),18,32,3.916.000 VND,Evening,Evening,80,3,0,23,2715000.0,3916000.0,2742015.301587302,0.0
VN-7046,Vietnam Airlines,1642000,TP HCM (SGN),Đà Nẵng (DAD),10,10,1.642.000 VND,Evening,Evening,80,2,0,24,3916000.0,1652000.0,2205656.734126984,758525.5603973856
VN-7046,Vietnam Airlines,1670800,TP HCM (SGN),Đà Nẵng (DAD),10,10,1.670.800 VND,Evening,Evening,80,1,0,21,1642000.0,2715000.0,2088296.2195767194,573586.0737627724
VN-7104,Vietnam Airlines,1431000,TP HCM (SGN),Đà Nẵng (DAD),10,23,1.431.000 VND,Morning,Morning,80,3,0,23,1431000.0,1431000.0,2742015.301587302,0.0
VN-7104,Vietnam Airlines,2715000,TP HCM (SGN),Đà Nẵng (DAD),10,32,2.715.000 VND,Morning,Morning,80,3,0,23,1431000.0,2715000.0,2742015.301587302,0.0
VN-7104,Vietnam Airlines,3916000,TP HCM (SGN),Đà Nẵng (DAD),18,32,3.916.000 VND,Morning,Morning,80,3,0,23,2715000.0,3916000.0,2742015.301587302,0.0
VN-7104,Vietnam Airlines,1485000,TP HCM (SGN),Đà Nẵng (DAD),10,10,1.485.000 VND,Morning,Morning,80,2,0,24,3916000.0,1431000.0,2205656.734126984,758525.5603973856
VN-7104,Vietnam Airlines,2499000,TP HCM (SGN),Đà Nẵng (DAD),10,10,2.499.000 VND,Morning,Morning,80,1,0,21,1485000.0,2715000.0,2088296.2195767194,573586.0737627724
VN-7112,Vietnam Airlines,1431000,TP HCM (SGN),Đà Nẵng (DAD),10,23,1.431.000 VND,LateNight,EarlyMorning,80,3,0,23,1431000.0,1431000.0,2742015.301587302,0.0
VN-7112,Vietnam Airlines,2715000,TP HCM (SGN),Đà Nẵng (DAD),10,32,2.715.000 VND,LateNight,EarlyMorning,80,3,0,23,1431000.0,2715000.0,2742015.301587302,0.0
VN-7112,Vietnam Airlines,3916000,TP HCM (SGN),Đà Nẵng (DAD),18,32,3.916.000 VND,LateNight,EarlyMorning,80,3,0,23,2715000.0,3916000.0,2742015.301587302,0.0
VN-7112,Vietnam Airlines,1336000,TP HCM (SGN),Đà Nẵng (DAD),10,10,1.336.000 VND,LateNight,EarlyMorning,80,2,0,24,3916000.0,1431000.0,2205656.734126984,758525.5603973856
VN-7112,Vietnam Airlines,1359139,TP HCM (SGN),Đà Nẵng (DAD),10,10,1.359.139 VND,LateNight,EarlyMorning,80,1,0,21,1336000.0,2715000.0,2088296.2195767194,573586.0737627724
VN-7114,Vietnam Airlines,1340000,TP HCM (SGN),Đà Nẵng (DAD),10,10,1.340.000 VND,Evening,Evening,80,2,0,24,1340000.0,1340000.0,2205656.734126984,758525.5603973856
VN-7114,Vietnam Airlines,1359139,TP HCM (SGN),Đà Nẵng (DAD),10,10,1.359.139 VND,Evening,Evening,80,1,0,21,1340000.0,1359139.0,2088296.2195767194,573586.0737627724
VN-7116,Vietnam Airlines,1787484,TP HCM (SGN),Đà Nẵng (DAD),10,23,1.787.484 VND,Afternoon,Afternoon,80,3,0,23,1787484.0,1787484.0,2742015.301587302,0.0
VN-7116,Vietnam Airlines,2715000,TP HCM (SGN),Đà Nẵng (DAD),10,32,2.715.000 VND,Afternoon,Afternoon,80,3,0,23,1787484.0,2715000.0,2742015.301587302,0.0
VN-7116,Vietnam Airlines,4294000,TP HCM (SGN),Đà Nẵng (DAD),18,32,4.294.000 VND,Afternoon,Afternoon,80,3,0,23,2715000.0,4294000.0,2742015.301587302,0.0
VN-7116,Vietnam Airlines,1782804,TP HCM (SGN),Đà Nẵng (DAD),10,10,1.782.804 VND,Afternoon,Afternoon,80,2,0,24,4294000.0,1787484.0,2205656.734126984,758525.5603973856
VN-7116,Vietnam Airlines,1953482,TP HCM (SGN),Đà Nẵng (DAD),10,10,1.953.482 VND,Afternoon,Afternoon,80,1,0,21,1782804.0,2715000.0,2088296.2195767194,573586.0737627724
VN-7124,Vietnam Airlines,1652000,TP HCM (SGN),Đà Nẵng (DAD),10,23,1.652.000 VND,Evening,Evening,80,3,0,23,1652000.0,1652000.0,2742015.301587302,0.0
VN-7124,Vietnam Airlines,2715000,TP HCM (SGN),Đà Nẵng (DAD),10,32,2.715.000 VND,Evening,Evening,80,3,0,23,1652000.0,2715000.0,2742015.301587302,0.0
VN-7124,Vietnam Airlines,3916000,TP HCM (SGN),Đà Nẵng (DAD),18,32,3.916.000 VND,Evening,Evening,80,3,0,23,2715000.0,3916000.0,2742015.301587302,0.0
VN-7124,Vietnam Airlines,1642000,TP HCM (SGN),Đà Nẵng (DAD),10,10,1.642.000 VND,Evening,Evening,80,2,0,24,3916000.0,1652000.0,2205656.734126984,758525.5603973856
VN-7124,Vietnam Airlines,1670800,TP HCM (SGN),Đà Nẵng (DAD),10,10,1.670.800 VND,Evening,Evening,80,1,0,21,1642000.0,2715000.0,2088296.2195767194,573586.0737627724
VN-7126,Vietnam Airlines,1495000,TP HCM (SGN),Đà Nẵng (DAD),10,23,1.495.000 VND,Evening,Evening,80,3,0,23,1495000.0,1495000.0,2742015.301587302,0.0
VN-7126,Vietnam Airlines,1502561,TP HCM (SGN),Đà Nẵng (DAD),10,23,1.502.561 VND,Evening,Evening,80,3,0,23,1495000.0,1502561.0,2742015.301587302,0.0
VN-7126,Vietnam Airlines,2715000,TP HCM (SGN),Đà Nẵng (DAD),10,32,2.715.000 VND,Evening,Evening,80,3,0,23,1502561.0,2715000.0,2742015.301587302,0.0
VN-7126,Vietnam Airlines,3916000,TP HCM (SGN),Đà Nẵng (DAD),18,32,3.916.000 VND,Evening,Evening,80,3,0,23,2715000.0,1495000.0,2742015.301587302,0.0
VN-7126,Vietnam Airlines,1336000,TP HCM (SGN),Đà Nẵng (DAD),10,10,1.336.000 VND,Evening,Evening,80,2,0,24,3916000.0,1502561.0,2205656.734126984,758525.5603973856
VN-7126,Vietnam Airlines,1359139,TP HCM (SGN),Đà Nẵng (DAD),10,10,1.359.139 VND,Evening,Evening,80,1,0,21,1336000.0,2715000.0,2088296.2195767194,573586.0737627724
VN-7136,Vietnam Airlines,1779584,TP HCM (SGN),Đà Nẵng (DAD),10,23,1.779.584 VND,LateNight,LateNight,80,3,0,23,1779584.0,1779584.0,2742015.301587302,0.0
VN-7136,Vietnam Airlines,1509287,TP HCM (SGN),Đà Nẵng (DAD),10,10,1.509.287 VND,LateNight,LateNight,80,2,0,24,1779584.0,1509287.0,2205656.734126984,758525.5603973856
VN-7140,Vietnam Airlines,1779584,TP HCM (SGN),Đà Nẵng (DAD),10,23,1.779.584 VND,LateNight,LateNight,80,3,0,23,1779584.0,1779584.0,2742015.301587302,0.0
VN-7140,Vietnam Airlines,1509287,TP HCM (SGN),Đà Nẵng (DAD),10,10,1.509.287 VND,LateNight,LateNight,80,2,0,24,1779584.0,1509287.0,2205656.734126984,758525.5603973856
VN-7144,Vietnam Airlines,1431000,TP HCM (SGN),Đà Nẵng (DAD),10,23,1.431.000 VND,Morning,Morning,80,3,0,23,1431000.0,1431000.0,2742015.301587302,0.0
VN-7144,Vietnam Airlines,2715000,TP HCM (SGN),Đà Nẵng (DAD),10,32,2.715.000 VND,Morning,Morning,80,3,0,23,1431000.0,2715000.0,2742015.301587302,0.0
VN-7144,Vietnam Airlines,3916000,TP HCM (SGN),Đà Nẵng (DAD),18,32,3.916.000 VND,Morning,Morning,80,3,0,23,2715000.0,3916000.0,2742015.301587302,0.0
VN-7144,Vietnam Airlines,1650365,TP HCM (SGN),Đà Nẵng (DAD),10,10,1.650.365 VND,Morning,Morning,80,2,0,24,3916000.0,1431000.0,2205656.734126984,758525.5603973856
VN-7144,Vietnam Airlines,1680000,TP HCM (SGN),Đà Nẵng (DAD),10,10,1.680.000 VND,Morning,Morning,80,1,0,21,1650365.0,2715000.0,2088296.2195767194,573586.0737627724
VN-7146,Vietnam Airlines,1779584,TP HCM (SGN),Đà Nẵng (DAD),10,23,1.779.584 VND,Evening,LateNight,80,3,0,23,1779584.0,1779584.0,2742015.301587302,0.0
VN-7146,Vietnam Airlines,1509287,TP HCM (SGN),Đà Nẵng (DAD),10,10,1.509.287 VND,Evening,LateNight,80,2,0,24,1779584.0,1509287.0,2205656.734126984,758525.5603973856
VN-7340,Vietnam Airlines,1552000,TP HCM (SGN),Nha Trang (CXR),10,23,1.552.000 VND,Afternoon,Afternoon,65,3,0,5,1552000.0,1552000.0,1530710.8,0.0
VN-7340,Vietnam Airlines,1521874,TP HCM (SGN),Nha Trang (CXR),10,10,1.521.874 VND,Afternoon,Afternoon,65,2,0,6,1552000.0,1521874.0,1544833.0666666667,19971.901051449393
VN-7340,Vietnam Airlines,1547000,TP HCM (SGN),Nha Trang (CXR),10,10,1.547.000 VND,Afternoon,Afternoon,65,1,0,6,1521874.0,1547000.0,1555160.4888888889,22790.466539160396
VN-8346,Vietnam Airlines,1330870,TP HCM (SGN),Nha Trang (CXR),10,23,1.330.870 VND,Evening,Evening,85,3,0,5,1330870.0,1330870.0,1530710.8,0.0
VN-8346,Vietnam Airlines,1343883,TP HCM (SGN),Nha Trang (CXR),10,10,1.343.883 VND,Evening,Evening,85,2,0,6,1330870.0,1343883.0,1544833.0666666667,19971.901051449393
VN-8346,Vietnam Airlines,1348600,TP HCM (SGN),Nha Trang (CXR),10,10,1.348.600 VND,Evening,Evening,85,1,0,6,1343883.0,1348600.0,1555160.4888888889,22790.466539160396
VU-303,Vietravel Airlines,918385,TP HCM (SGN),Phú Quốc (PQC),7,7,918.385 VND,Evening,Evening,60,1,0,1,918385.0,918385.0,918385.0,0.0
VU-672,Vietravel Airlines,1480998,TP HCM (SGN),Đà Nẵng (DAD),7,0,1.480.998 VND,Morning,Afternoon,85,3,0,1,1480998.0,1480998.0,1480998.0,0.0
VU-672,Vietravel Airlines,1417875,TP HCM (SGN),Đà Nẵng (DAD),7,7,1.417.875 VND,Morning,Afternoon,85,2,0,1,1480998.0,1417875.0,1449436.5,44634.70134883844
VU-672,Vietravel Airlines,1306435,TP HCM (SGN),Đà Nẵng (DAD),7,7,1.306.435 VND,Morning,Afternoon,85,1,0,2,1417875.0,1306435.0,1346546.8333333333,180983.3660936367
VU-684,Vietravel Airlines,975100,TP HCM (SGN),Đà Nẵng (DAD),7,7,975.100 VND,Evening,LateNight,85,1,0,2,975100.0,975100.0,1346546.8333333333,180983.3660936367
VU-750,Vietravel Airlines,1921584,TP HCM (SGN),Hà Nội (HAN),7,0,1.921.584 VND,Morning,Morning,130,3,0,3,1921584.0,1921584.0,3054247.5,0.0
VU-750,Vietravel Airlines,4254969,TP HCM (SGN),Hà Nội (HAN),12,0,4.254.969 VND,Morning,Morning,130,3,0,3,1921584.0,4254969.0,3054247.5,0.0
VU-750,Vietravel Airlines,1926615,TP HCM (SGN),Hà Nội (HAN),7,7,1.926.615 VND,Morning,Morning,130,2,0,3,4254969.0,1926615.0,2422235.25,893800.2955359351
VU-750,Vietravel Airlines,2019850,TP HCM (SGN),Hà Nội (HAN),7,7,2.019.850 VND,Morning,Morning,130,1,0,3,1926615.0,1921584.0,2241673.5,705157.5149136893
VU-780,Vietravel Airlines,1921584,TP HCM (SGN),Hà Nội (HAN),7,0,1.921.584 VND,Evening,Evening,130,3,0,3,1921584.0,1921584.0,3054247.5,0.0
VU-780,Vietravel Airlines,4254969,TP HCM (SGN),Hà Nội (HAN),12,0,4.254.969 VND,Evening,Evening,130,3,0,3,1921584.0,4254969.0,3054247.5,0.0
VU-780,Vietravel Airlines,1722027,TP HCM (SGN),Hà Nội (HAN),7,7,1.722.027 VND,Evening,Evening,130,2,0,3,4254969.0,1722027.0,2422235.25,893800.2955359351
VU-780,Vietravel Airlines,1810900,TP HCM (SGN),Hà Nội (HAN),7,7,1.810.900 VND,Evening,Evening,130,1,0,3,1722027.0,1921584.0,2241673.5,705157.5149136893
VU-794,Vietravel Airlines,1717410,TP HCM (SGN),Hà Nội (HAN),7,0,1.717.410 VND,LateNight,EarlyMorning,130,3,0,3,1717410.0,1717410.0,3054247.5,0.0
VU-794,Vietravel Airlines,4254969,TP HCM (SGN),Hà Nội (HAN),12,0,4.254.969 VND,LateNight,EarlyMorning,130,3,0,3,1717410.0,4254969.0,3054247.5,0.0
VU-794,Vietravel Airlines,1722027,TP HCM (SGN),Hà Nội (HAN),7,7,1.722.027 VND,LateNight,EarlyMorning,130,2,0,3,4254969.0,1722027.0,2422235.25,893800.2955359351
VU-794,Vietravel Airlines,1810900,TP HCM (SGN),Hà Nội (HAN),7,7,1.810.900 VND,LateNight,EarlyMorning,130,1,0,3,1722027.0,1717410.0,2241673.5,705157.5149136893
